file_name,file_code,parameter,orig_variable_code,variable_code,Unit,type_variable,classes,range,valid_values,missing_values,missing_pop,del,metadati_fattori,metadati_normalizzazione,Unnamed: 14,Unnamed: 15
,BAIPETNMRCFTP,Visit,EXAMDATE,EXAMDATE,,<class 'str'>,"2018-04-24, 2019-04-23, 2018-02-20, 2019-01-10, 2019-12-03",None,651.0,0.0,"ADNI1, ADNIGO, ADNI4",keep,,,,
,BAIPETNMRCFTP,Amyloid,ENTORHINAL_SUVR,ENTORHINAL_SUVR,,<class 'numpy.float64'>,None,"2.107, 0.8773",651.0,0.0,"ADNI1, ADNIGO, ADNI4",keep,predittore,intervallo,,
,BAIPETNMRCFTP,Tau,TAU_METAROI,TAU_METAROI,,<class 'numpy.float64'>,None,"2.6106, 0.9625",651.0,0.0,"ADNI1, ADNIGO, ADNI4",keep,predittore,intervallo,,
,BAIPETNMRCFTP,Amyloid,INFERIOR_TEMPORAL_SUVR,INFERIOR_TEMPORAL_SUVR,,<class 'numpy.float64'>,None,"2.6174, 0.9623",651.0,0.0,"ADNI1, ADNIGO, ADNI4",keep,predittore,intervallo,,
,BAIPETNMRCFTP,ID,RID,RID,,<class 'numpy.int64'>,None,"6854.0, 31.0",651.0,0.0,"ADNI1, ADNIGO, ADNI4",keep,,,,
,BAIPETNMRCFTP,Visit,VISCODE2,VISCODE,,<class 'str'>,"m150, m162, m144, m156, m168",None,651.0,0.0,"ADNI1, ADNIGO, ADNI4",keep,,,,
,BAIPETNMRCFTP,Cohort,COLPROT,COHORT,,<class 'str'>,"ADNI3, ADNI2, nan",None,648.0,3.0,"ADNI1, ADNIGO, ADNI4",keep,,,,
,BAIPETNMRCFTP,,,VISIT_MONTH,,<class 'numpy.int64'>,None,"67.0, 0.0",651.0,0.0,"ADNI1, ADNIGO, ADNI4",keep,,,,
,BAIPETNMRCFTP,,,METHOD,,<class 'str'>,ftp,None,651.0,0.0,"ADNI1, ADNIGO, ADNI4",keep,,,,
,BAIPETNMRCFTP,,,Tpositive,,<class 'numpy.int64'>,"0, 1","1.0, 0.0",651.0,0.0,"ADNI1, ADNIGO, ADNI4",keep,,,,
,AMPRION_ASYN_SAA,ID,RID,RID,,None,None,None,0.0,0.0,pop not found,drop,,,,
,AMPRION_ASYN_SAA,Visit,EXAMDATE,EXAMDATE,,None,None,None,0.0,0.0,pop not found,drop,,,,
,AMPRION_ASYN_SAA,Visit,VISCODE2,VISCODE,,None,None,None,0.0,0.0,pop not found,drop,,,,
,AMPRION_ASYN_SAA,Test,Result,Amprion_Result,,None,None,None,0.0,0.0,pop not found,drop,predittore,binaria,,
,AMPRION_ASYN_SAA,,,VISIT_MONTH,,None,None,None,0.0,0.0,pop not found,drop,,,,
,AMPRION_ASYN_SAA,,,METHOD,,None,None,None,0.0,0.0,pop not found,drop,,,,
,AMPRION_ASYN_SAA,,,Npositive,,None,None,None,0.0,0.0,pop not found,drop,,,,
,PLASMA_ABETA_PROJECT_ADX_VUMC,,RID,RID,,<class 'numpy.int64'>,"1427, 4399, 4598, 4604, 4654, 4723, 4765, 4868, 4928","4928.0, 1427.0",18.0,0.0,pop not found,keep,,,,
,PLASMA_ABETA_PROJECT_ADX_VUMC,,VISCODE2,VISCODE,,<class 'str'>,"m108, m120, m48, m72, m60",None,18.0,0.0,pop not found,keep,,,,
,PLASMA_ABETA_PROJECT_ADX_VUMC,,EXAMDATE,EXAMDATE,,<class 'str'>,"2016-08-12, 2017-09-06, 2016-01-07, 2017-07-13, 2016-03-22",None,18.0,0.0,pop not found,keep,,,,
,PLASMA_ABETA_PROJECT_ADX_VUMC,,NF_LIGHT,NFL_PL,,<class 'numpy.float64'>,None,"58.7, 14.5",18.0,0.0,pop not found,keep,predittore,intervallo,,
,PLASMA_ABETA_PROJECT_ADX_VUMC,,ABETA42,AB42_PL,,<class 'numpy.float64'>,None,"9.6, 5.4",18.0,0.0,pop not found,keep,predittore,intervallo,,
,PLASMA_ABETA_PROJECT_ADX_VUMC,,ABETA40,AB40_PL,,<class 'numpy.float64'>,None,"291.4, 103.1",18.0,0.0,pop not found,keep,predittore,intervallo,,
,PLASMA_ABETA_PROJECT_ADX_VUMC,,GFAP,GFAP,,<class 'numpy.float64'>,None,"339.2, 60.2",18.0,0.0,pop not found,keep,predittore,intervallo,,
,PLASMA_ABETA_PROJECT_ADX_VUMC,,,VISIT_MONTH,,<class 'numpy.int64'>,"0, 13, 18, 16, 12, 10","18.0, 0.0",18.0,0.0,pop not found,keep,,,,
,PLASMA_ABETA_PROJECT_ADX_VUMC,,,METHOD,,<class 'str'>,simoa,None,18.0,0.0,pop not found,keep,,,,
,PLASMA_ABETA_PROJECT_ADX_VUMC,,,Apositive,,<class 'numpy.int64'>,1,"1.0, 1.0",18.0,0.0,pop not found,keep,,,,
,PLASMA_ABETA_PROJECT_ADX_VUMC,,,Npositive,,<class 'numpy.int64'>,"1, 0","1.0, 0.0",18.0,0.0,pop not found,keep,,,,
,FNIH_PLASMA_PTAU_PROJECT,Cohort,PROT,COHORT,,<class 'str'>,"ADNI2, ADNI1",None,18.0,0.0,"ADNIGO, ADNI3, ADNI4",keep,,,,
,FNIH_PLASMA_PTAU_PROJECT,,RID,RID,,<class 'numpy.int64'>,"4654, 4868, 4598, 4765, 4723, 1427, 4928, 4604, 4399","4928.0, 1427.0",18.0,0.0,"ADNIGO, ADNI3, ADNI4",keep,,,,
,FNIH_PLASMA_PTAU_PROJECT,,VISCODE2,VISCODE,,<class 'str'>,"m48, m60, m66, m108, m120",None,18.0,0.0,"ADNIGO, ADNI3, ADNI4",keep,,,,
,FNIH_PLASMA_PTAU_PROJECT,,EXAMDATE,EXAMDATE,,<class 'str'>,"2016-04-19, 2017-05-08, 2016-08-31, 2017-09-14, 2016-03-22",None,18.0,0.0,"ADNIGO, ADNI3, ADNI4",keep,,,,
,FNIH_PLASMA_PTAU_PROJECT,,PTAU_181,PT181_PL,,<class 'numpy.float64'>,None,"76.3, 2.64",18.0,0.0,"ADNIGO, ADNI3, ADNI4",keep,predittore,intervallo,,
,FNIH_PLASMA_PTAU_PROJECT,,,VISIT_MONTH,,<class 'numpy.int64'>,"0, 13, 12, 16, 10, 18","18.0, 0.0",18.0,0.0,"ADNIGO, ADNI3, ADNI4",keep,,,,
,FNIH_PLASMA_PTAU_PROJECT,,,METHOD,,<class 'str'>,"simoa, lumipulse",None,18.0,0.0,"ADNIGO, ADNI3, ADNI4",keep,,,,
,FNIH_PLASMA_PTAU_PROJECT,,,Tpositive,,<class 'numpy.int64'>,0,"0.0, 0.0",18.0,0.0,"ADNIGO, ADNI3, ADNI4",keep,,,,
,CSFALPHASYN,,RID,RID,,None,None,None,0.0,0.0,pop not found,drop,,,,
,CSFALPHASYN,,EXAMDATE,EXAMDATE,,None,None,None,0.0,0.0,pop not found,drop,,,,
,CSFALPHASYN,,PROTOCOL,COHORT,,None,None,None,0.0,0.0,pop not found,drop,,,,
,CSFALPHASYN,,ALPHA_SYN,ALPHA_SYN,luminex,None,None,None,0.0,0.0,pop not found,drop,predittore,intervallo,,
,CSFALPHASYN,,,VISIT_MONTH,,None,None,None,0.0,0.0,pop not found,drop,,,,
,CSFALPHASYN,,,METHOD,,None,None,None,0.0,0.0,pop not found,drop,,,,
,CSFALPHASYN,,,Npositive,,None,None,None,0.0,0.0,pop not found,drop,,,,
,BLENNOWCSFNFL,,RID,RID,,None,None,None,0.0,0.0,pop not found,drop,,,,
,BLENNOWCSFNFL,,VISCODE,VISCODE,,None,None,None,0.0,0.0,pop not found,drop,,,,
,BLENNOWCSFNFL,,EXAMDATE,EXAMDATE,,None,None,None,0.0,0.0,pop not found,drop,,,,
,BLENNOWCSFNFL,,CSFNFL,NFL_CSF,,None,None,None,0.0,0.0,pop not found,drop,predittore,intervallo,,
,BLENNOWCSFNFL,,,VISIT_MONTH,,None,None,None,0.0,0.0,pop not found,drop,,,,
,BLENNOWCSFNFL,,,METHOD,,None,None,None,0.0,0.0,pop not found,drop,,,,
,BLENNOWCSFNFL,,,Npositive,,None,None,None,0.0,0.0,pop not found,drop,,,,
,BLENNOWPLASMANFL,,RID,RID,,<class 'numpy.int64'>,None,"5296.0, 2.0",3551.0,0.0,pop not found,keep,,,,
,BLENNOWPLASMANFL,,VISCODE2,VISCODE,,<class 'str'>,"m60, m72, m84, m96, m108",None,3551.0,0.0,pop not found,keep,,,,
,BLENNOWPLASMANFL,,EXAMDATE,EXAMDATE,,<class 'str'>,"2010-09-22, 2011-09-19, 2012-09-26, 2013-09-09, 2010-09-27",None,3551.0,0.0,pop not found,keep,,,,
,BLENNOWPLASMANFL,,PLASMA_NFL,NFL_PL,,<class 'numpy.float64'>,None,"451.0, 6.9",3551.0,0.0,pop not found,keep,predittore,intervallo,,
,BLENNOWPLASMANFL,,,VISIT_MONTH,,<class 'numpy.int64'>,None,"96.0, 0.0",3551.0,0.0,pop not found,keep,,,,
,BLENNOWPLASMANFL,,,METHOD,,<class 'str'>,elisa,None,3551.0,0.0,pop not found,keep,,,,
,BLENNOWPLASMANFL,,,Npositive,,<class 'numpy.int64'>,0,"0.0, 0.0",3551.0,0.0,pop not found,keep,,,,
,BLENNOWPLASMATAU,,RID,RID,,None,None,None,0.0,0.0,pop not found,drop,,,,
,BLENNOWPLASMATAU,,VISCODE,VISCODE,,None,None,None,0.0,0.0,pop not found,drop,,,,
,BLENNOWPLASMATAU,,EXAMDATE,EXAMDATE,,None,None,None,0.0,0.0,pop not found,drop,,,,
,BLENNOWPLASMATAU,,PLASMATAU,TTAU_PL,,None,None,None,0.0,0.0,pop not found,drop,predittore,intervallo,,
,BLENNOWPLASMATAU,,,VISIT_MONTH,,None,None,None,0.0,0.0,pop not found,drop,,,,
,BLENNOWPLASMATAU,,,METHOD,,None,None,None,0.0,0.0,pop not found,drop,,,,
,BLENNOWPLASMATAU,,,Tpositive,,None,None,None,0.0,0.0,pop not found,drop,,,,
,C2N_PRECIVITYAD2_PLASMA,Cohort,PHASE,COHORT,,<class 'str'>,ADNI4,None,112.0,0.0,"ADNI1, ADNIGO, ADNI2, ADNI3",keep,,,,
,C2N_PRECIVITYAD2_PLASMA,,RID,RID,,<class 'numpy.int64'>,None,"10052.0, 908.0",112.0,0.0,"ADNI1, ADNIGO, ADNI2, ADNI3",keep,,,,
,C2N_PRECIVITYAD2_PLASMA,,VISCODE2,VISCODE,,<class 'str'>,"m204, m222, m150, m162, m138",None,112.0,0.0,"ADNI1, ADNIGO, ADNI2, ADNI3",keep,,,,
,C2N_PRECIVITYAD2_PLASMA,,EXAMDATE,EXAMDATE,,<class 'str'>,"2024-01-10, 2025-01-23, 2023-10-26, 2024-11-06, 2024-01-24",None,112.0,0.0,"ADNI1, ADNIGO, ADNI2, ADNI3",keep,,,,
,C2N_PRECIVITYAD2_PLASMA,,pT217_C2N,PT217_PL,,<class 'numpy.float64'>,None,"17.348, 0.65",111.0,1.0,"ADNI1, ADNIGO, ADNI2, ADNI3",keep,predittore,intervallo,,
,C2N_PRECIVITYAD2_PLASMA,,npT217_C2N,nPT217_PL,,<class 'numpy.float64'>,None,"133.694, 22.0",110.0,2.0,"ADNI1, ADNIGO, ADNI2, ADNI3",keep,predittore,intervallo,,
,C2N_PRECIVITYAD2_PLASMA,,AB42_C2N,AB42_PL,,<class 'numpy.float64'>,None,"93.051, 28.946",109.0,3.0,"ADNI1, ADNIGO, ADNI2, ADNI3",keep,predittore,intervallo,,
,C2N_PRECIVITYAD2_PLASMA,,AB40_C2N,AB40_PL,,<class 'numpy.float64'>,None,"896.342, 287.963",109.0,3.0,"ADNI1, ADNIGO, ADNI2, ADNI3",keep,predittore,intervallo,,
,C2N_PRECIVITYAD2_PLASMA,,AB42_AB40_C2N,AB4240_PL,,<class 'numpy.float64'>,None,"0.146, 0.077",109.0,3.0,"ADNI1, ADNIGO, ADNI2, ADNI3",keep,predittore,intervallo,,
,C2N_PRECIVITYAD2_PLASMA,,pT217_npT217_C2N,PT217_nPT217_PL,,<class 'numpy.float64'>,None,"25.9, 0.78",110.0,2.0,"ADNI1, ADNIGO, ADNI2, ADNI3",keep,predittore,intervallo,,
,C2N_PRECIVITYAD2_PLASMA,,APOE_C2N,APOE,,<class 'str'>,"E2/E3, E4/E4, E3/E3, E3/E4, E2/E4",None,112.0,0.0,"ADNI1, ADNIGO, ADNI2, ADNI3",keep,cofattore,,,
,C2N_PRECIVITYAD2_PLASMA,,,VISIT_MONTH,,<class 'numpy.int64'>,"0, 12, 11, 13, 15","15.0, 0.0",112.0,0.0,"ADNI1, ADNIGO, ADNI2, ADNI3",keep,,,,
,C2N_PRECIVITYAD2_PLASMA,,,METHOD,,<class 'str'>,massospectrometry,None,112.0,0.0,"ADNI1, ADNIGO, ADNI2, ADNI3",keep,,,,
,C2N_PRECIVITYAD2_PLASMA,,,Apositive,,<class 'numpy.float64'>,"1.0, nan","1.0, 1.0",109.0,3.0,"ADNI1, ADNIGO, ADNI2, ADNI3",keep,,,,
,C2N_PRECIVITYAD2_PLASMA,,,Tpositive,,<class 'numpy.float64'>,"0.0, nan","0.0, 0.0",111.0,1.0,"ADNI1, ADNIGO, ADNI2, ADNI3",keep,,,,
,UGOTPTAU181,,RID,RID,,,,,,,,keep,,,,
,UGOTPTAU181,,VISCODE2,VISCODE,,,,,,,,keep,,,,
,UGOTPTAU181,,EXAMDATE,EXAMDATE,,,,,,,,keep,,,,
,UGOTPTAU181,,PLASMAPTAU181,PT181_PL,,,,,,,,keep,predittore,intervallo,,
,UGOTPTAU181,,,VISIT_MONTH,,,,,,,,keep,,,,
,UGOTPTAU181,,,METHOD,,,,,,,,keep,,,,
,UGOTPTAU181,,,Tpositive,,,,,,,,keep,,,,
,UPENNPLASMA,,RID,RID,,,,,,,,keep,,,,
,UPENNPLASMA,,VISCODE,VISCODE,,,,,,,,keep,,,,
,UPENNPLASMA,,AB40,AB40_PL,,,,,,,,keep,predittore,intervallo,,
,UPENNPLASMA,,AB42,AB42_PL,,,,,,,,keep,predittore,intervallo,,
,UPENNPLASMA,,,VISIT_MONTH,,,,,,,,keep,,,,
,UPENNPLASMA,,,METHOD,,,,,,,,keep,,,,
,UPENNPLASMA,,,Apositive,,,,,,,,keep,,,,
,UPENN_PLASMA_FUJIREBIO_QUANTERIX,,RID,RID,,<class 'numpy.int64'>,None,"10052.0, 8.0",811.0,0.0,pop not found,keep,,,,
,UPENN_PLASMA_FUJIREBIO_QUANTERIX,,EXAMDATE,EXAMDATE,,<class 'str'>,"2005-09-19, 2015-10-29, 2005-11-10, 2007-11-07, 2013-11-21",None,811.0,0.0,pop not found,keep,,,,
,UPENN_PLASMA_FUJIREBIO_QUANTERIX,,,VISIT_MONTH,,<class 'numpy.int64'>,None,"227.0, 0.0",811.0,0.0,pop not found,keep,,,,
,UPENN_PLASMA_FUJIREBIO_QUANTERIX,,,PHASE,,<class 'str'>,"ADNI1, ADNI2, ADNI4, ADNI3, ADNIGO",None,811.0,0.0,pop not found,keep,,,,
,UPENN_PLASMA_FUJIREBIO_QUANTERIX,,,PTID,,<class 'str'>,"011_S_0008, 011_S_0010, 023_S_0042, 011_S_0053, 100_S_0069",None,811.0,0.0,pop not found,keep,,,,
,UPENN_PLASMA_FUJIREBIO_QUANTERIX,,,VISCODE2,,<class 'str'>,"bl, m120, m24, m96, m216",None,811.0,0.0,pop not found,keep,,,,
,UPENN_PLASMA_FUJIREBIO_QUANTERIX,,,Primary,,<class 'str'>,BLD,None,811.0,0.0,pop not found,keep,,,,
,UPENN_PLASMA_FUJIREBIO_QUANTERIX,,,Additive,,<class 'str'>,EDT,None,811.0,0.0,pop not found,keep,,,,
,UPENN_PLASMA_FUJIREBIO_QUANTERIX,,,pT217_F,,<class 'numpy.float64'>,None,"5.555, 0.03",811.0,0.0,pop not found,keep,,,,
,UPENN_PLASMA_FUJIREBIO_QUANTERIX,,,AB42_F,,<class 'numpy.float64'>,None,"63.59, 3.84",805.0,6.0,pop not found,keep,,,,
,UPENN_PLASMA_FUJIREBIO_QUANTERIX,,,AB40_F,,<class 'numpy.float64'>,None,"913.88, 26.89",806.0,5.0,pop not found,keep,,,,
,UPENN_PLASMA_FUJIREBIO_QUANTERIX,,,AB42_AB40_F,,<class 'numpy.float64'>,None,"0.6631, 0.04430354",805.0,6.0,pop not found,keep,,,,
,UPENN_PLASMA_FUJIREBIO_QUANTERIX,,,pT217_AB42_F,,<class 'numpy.float64'>,None,"0.215060008, 0.001082677",805.0,6.0,pop not found,keep,,,,
,UPENN_PLASMA_FUJIREBIO_QUANTERIX,,,NfL_Q,,<class 'numpy.float64'>,None,"278.0, -5.0",811.0,0.0,pop not found,keep,,,,
,UPENN_PLASMA_FUJIREBIO_QUANTERIX,,,GFAP_Q,,<class 'numpy.float64'>,None,"789.9, -5.0",811.0,0.0,pop not found,keep,,,,
,UCBERKELEY_TAU_6MM,,RID,RID,,,,,,,,keep,,,,
,UCBERKELEY_TAU_6MM,,VISCODE2,VISCODE,,,,,,,,keep,,,,
,UCBERKELEY_TAU_6MM,,TRACER_SUVR_WARNING,WARNING,,,,,,,,keep,,,,
,UCBERKELEY_TAU_6MM,,CTX_ENTORHINAL_SUVR,ENTORHINAL_SUVR,,,,,,,,keep,predittore,intervallo,,
,UCBERKELEY_TAU_6MM,,CSF_SUVR,CSF_SUVR,,,,,,,,keep,predittore,intervallo,,
,UCBERKELEY_TAU_6MM,,CTX_FUSIFORM_SUVR,FUSIFORM_SUVR,,,,,,,,keep,predittore,intervallo,,
,UCBERKELEY_TAU_6MM,,CTX_INFERIORPARIETAL_SUVR,INFERIORPARIETAL_SUVR,,,,,,,,keep,predittore,intervallo,,
,UCBERKELEY_TAU_6MM,,CTX_INFERIORTEMPORAL_SUVR,INFERIOR_TEMPORAL_SUVR,,,,,,,,keep,predittore,intervallo,,
,UCBERKELEY_TAU_6MM,,CTX_LATERALOCCIPITAL_SUVR,LATERALOCCIPITAL_SUVR,,,,,,,,keep,predittore,intervallo,,
,UCBERKELEY_TAU_6MM,,CTX_MIDDLETEMPORAL_SUVR,MIDDLETEMPORAL_SUVR,,,,,,,,keep,predittore,intervallo,,
,UCBERKELEY_TAU_6MM,,CTX_PARAHIPPOCAMPAL_SUVR,PARAHIPPOCAMPAL_SUVR,,,,,,,,keep,predittore,intervallo,,
,UCBERKELEY_TAU_6MM,,CTX_PRECUNEUS_SUVR,PRECUNEUS_SUVR,,,,,,,,keep,predittore,intervallo,,
,UCBERKELEY_TAU_6MM,,,VISIT_MONTH,,,,,,,,keep,,,,
,UCBERKELEY_TAU_6MM,,,METHOD,,,,,,,,keep,,,,
,UCBERKELEY_TAU_6MM,,,CTX_ENTORHINAL_VOLUME,,,,,,,,keep,predittore,intervallo,,
,UCBERKELEY_TAU_6MM,,,CSF_VOLUME,,,,,,,,keep,predittore,intervallo,,
,UCBERKELEY_TAU_6MM,,,CTX_FUSIFORM_VOLUME,,,,,,,,keep,predittore,intervallo,,
,UCBERKELEY_TAU_6MM,,,CTX_INFERIORPARIETAL_VOLUME,,,,,,,,keep,predittore,intervallo,,
,UCBERKELEY_TAU_6MM,,,CTX_INFERIORTEMPORAL_VOLUME,,,,,,,,keep,predittore,intervallo,,
,UCBERKELEY_TAU_6MM,,,CTX_LATERALOCCIPITAL_VOLUME,,,,,,,,keep,predittore,intervallo,,
,UCBERKELEY_TAU_6MM,,,CTX_MIDDLETEMPORAL_VOLUME,,,,,,,,keep,predittore,intervallo,,
,UCBERKELEY_TAU_6MM,,,CTX_PARAHIPPOCAMPAL_VOLUME,,,,,,,,keep,predittore,intervallo,,
,UCBERKELEY_TAU_6MM,,,CTX_PRECUNEUS_VOLUME,,,,,,,,keep,predittore,intervallo,,
,UCBERKELEY_TAU_6MM,,,TAU_METAROI,,,,,,,,keep,predittore,intervallo,,
,UCBERKELEY_TAU_6MM,,,Apositive,,,,,,,,keep,,,,
,UCBERKELEY_TAU_6MM,,,Tpositive,,,,,,,,keep,,,,
,UCBERKELEY_AMY_6MM,,RID,RID,,<class 'numpy.int64'>,None,"7121.0, 21.0",1516.0,0.0,pop not found,keep,,,,
,UCBERKELEY_AMY_6MM,,,CTX_ENTORHINAL_VOLUME,,<class 'numpy.float64'>,None,"5946.0, 746.0",1451.0,65.0,pop not found,keep,predittore,intervallo,,
,UCBERKELEY_AMY_6MM,,,CTX_INFERIORTEMPORAL_VOLUME,,<class 'numpy.float64'>,None,"29491.0, 9715.0",1451.0,65.0,pop not found,keep,predittore,intervallo,,
,UCBERKELEY_AMY_6MM,,,Apositive,,<class 'numpy.float64'>,"1.0, 0.0, nan","1.0, 0.0",1451.0,65.0,pop not found,keep,,,,
,UCBERKELEY_AMY_6MM,,,Tpositive,,<class 'numpy.float64'>,"1.0, 0.0, nan","1.0, 0.0",1451.0,65.0,pop not found,keep,,,,
,UCBERKELEY_AMY_6MM,,,LONIUID,,<class 'numpy.int64'>,None,"11432364.0, 513671.0",1516.0,0.0,pop not found,keep,,,,
,UCBERKELEY_AMY_6MM,,,PTID,,<class 'str'>,"011_S_0021, 023_S_0031, 067_S_0056, 100_S_0069, 073_S_0089",None,1516.0,0.0,pop not found,keep,,,,
,UCBERKELEY_AMY_6MM,,,VISCODE2,,<class 'str'>,"m144, m150, m162, m156, m168",None,1516.0,0.0,pop not found,keep,,,,
,UCBERKELEY_AMY_6MM,,,SCANDATE,,<class 'str'>,"2018-02-02, 2018-04-24, 2019-04-23, 2018-02-20, 2019-01-10",None,1516.0,0.0,pop not found,keep,,,,
,UCBERKELEY_AMY_6MM,,,SITEID,,<class 'numpy.int64'>,None,"941.0, 2.0",1516.0,0.0,pop not found,keep,,,,
,UCBERKELEY_AMY_6MM,,,PROCESSDATE,,<class 'str'>,"2022-09-02, 2024-08-02, 2024-02-15, 2024-08-22, 2022-11-18",None,1516.0,0.0,pop not found,keep,,,,
,UCBERKELEY_AMY_6MM,,,IMAGE_RESOLUTION,,<class 'str'>,"6mm, 8mm",None,1516.0,0.0,pop not found,keep,,,,
,UCBERKELEY_AMY_6MM,,,qc_flag,,<class 'numpy.int64'>,"2, 1, -1","2.0, -1.0",1516.0,0.0,pop not found,keep,,,,
,UCBERKELEY_AMY_6MM,,,TRACER,,<class 'str'>,"FTP, MK6240, PI2620",None,1516.0,0.0,pop not found,keep,,,,
,UCBERKELEY_AMY_6MM,,,TRACER_SUVR_WARNING,,<class 'str'>,DO NOT COMPARE SUVRs ACROSS TRACERS,None,1516.0,0.0,pop not found,keep,,,,
,UCBERKELEY_AMY_6MM,,,CTX_ENTORHINAL_SUVR,,<class 'numpy.float64'>,None,"2.345, 0.829",1516.0,0.0,pop not found,keep,,,,
,UCBERKELEY_AMY_6MM,,,ERODED_SUBCORTICALWM_SUVR,,<class 'numpy.float64'>,None,"1.943, 0.751",1516.0,0.0,pop not found,keep,,,,
,UCBERKELEY_AMY_6MM,,,ERODED_SUBCORTICALWM_VOLUME,,<class 'numpy.float64'>,None,"261296.0, 55673.0",1451.0,65.0,pop not found,keep,,,,
,UCBERKELEY_AMY_6MM,,,BRAINSTEM_SUVR,,<class 'numpy.float64'>,None,"1.32, 0.688",1451.0,65.0,pop not found,keep,,,,
,UCBERKELEY_AMY_6MM,,,BRAINSTEM_VOLUME,,<class 'numpy.float64'>,None,"30815.0, 13781.0",1451.0,65.0,pop not found,keep,,,,
,UCBERKELEY_AMY_6MM,,,CC_ANTERIOR_SUVR,,<class 'numpy.float64'>,None,"1.263, 0.486",1451.0,65.0,pop not found,keep,,,,
,UCBERKELEY_AMY_6MM,,,CC_ANTERIOR_VOLUME,,<class 'numpy.float64'>,None,"1763.0, 490.0",1451.0,65.0,pop not found,keep,,,,
,UCBERKELEY_AMY_6MM,,,CC_CENTRAL_SUVR,,<class 'numpy.float64'>,None,"1.459, 0.429",1451.0,65.0,pop not found,keep,,,,
,UCBERKELEY_AMY_6MM,,,CC_CENTRAL_VOLUME,,<class 'numpy.float64'>,None,"1380.0, 259.0",1451.0,65.0,pop not found,keep,,,,
,UCBERKELEY_AMY_6MM,,,CC_MID_ANTERIOR_SUVR,,<class 'numpy.float64'>,None,"1.194, 0.444",1451.0,65.0,pop not found,keep,,,,
,UCBERKELEY_AMY_6MM,,,CC_MID_ANTERIOR_VOLUME,,<class 'numpy.float64'>,None,"1241.0, 225.0",1451.0,65.0,pop not found,keep,,,,
,UCBERKELEY_AMY_6MM,,,CC_MID_POSTERIOR_SUVR,,<class 'numpy.float64'>,None,"1.52, 0.329",1451.0,65.0,pop not found,keep,,,,
,UCBERKELEY_AMY_6MM,,,CC_MID_POSTERIOR_VOLUME,,<class 'numpy.float64'>,None,"1659.0, 189.0",1451.0,65.0,pop not found,keep,,,,
,UCBERKELEY_AMY_6MM,,,CC_POSTERIOR_SUVR,,<class 'numpy.float64'>,None,"1.665, 0.551",1451.0,65.0,pop not found,keep,,,,
,UCBERKELEY_AMY_6MM,,,CC_POSTERIOR_VOLUME,,<class 'numpy.float64'>,None,"2057.0, 259.0",1451.0,65.0,pop not found,keep,,,,
,UCBERKELEY_AMY_6MM,,,CSF_SUVR,,<class 'numpy.float64'>,None,"1.499, 0.451",1451.0,65.0,pop not found,keep,,,,
,UCBERKELEY_AMY_6MM,,,CSF_VOLUME,,<class 'numpy.float64'>,None,"3561.0, 670.0",1451.0,65.0,pop not found,keep,,,,
,UCBERKELEY_AMY_6MM,,,VENTRICLE_3RD_SUVR,,<class 'numpy.float64'>,None,"1.243, 0.382",1451.0,65.0,pop not found,keep,,,,
,UCBERKELEY_AMY_6MM,,,VENTRICLE_3RD_VOLUME,,<class 'numpy.float64'>,None,"4635.0, 588.0",1451.0,65.0,pop not found,keep,,,,
,UCBERKELEY_AMY_6MM,,,VENTRICLE_4TH_SUVR,,<class 'numpy.float64'>,None,"1.628, 0.566",1451.0,65.0,pop not found,keep,,,,
,UCBERKELEY_AMY_6MM,,,VENTRICLE_4TH_VOLUME,,<class 'numpy.float64'>,None,"5081.0, 739.0",1451.0,65.0,pop not found,keep,,,,
,UCBERKELEY_AMY_6MM,,,VENTRICLE_5TH_SUVR,,<class 'numpy.float64'>,None,"0.68, 0.257",16.0,1500.0,pop not found,drop,,,,
,UCBERKELEY_AMY_6MM,,,VENTRICLE_5TH_VOLUME,,<class 'numpy.float64'>,"nan, 3.0, 8.0, 4.0, 2.0, 1.0, 10.0, 6.0, 11.0","11.0, 1.0",16.0,1500.0,pop not found,drop,,,,
,UCBERKELEY_AMY_6MM,,,WM_HYPOINTENSITIES_SUVR,,<class 'numpy.float64'>,None,"1.534, 0.488",1451.0,65.0,pop not found,keep,,,,
,UCBERKELEY_AMY_6MM,,,WM_HYPOINTENSITIES_VOLUME,,<class 'numpy.float64'>,None,"72336.0, 337.0",1451.0,65.0,pop not found,keep,,,,
,UCBERKELEY_AMY_6MM,,,NON_WM_HYPOINTENSITIES_SUVR,,<class 'numpy.float64'>,None,"1.867, 0.276",120.0,1396.0,pop not found,drop,,,,
,UCBERKELEY_AMY_6MM,,,NON_WM_HYPOINTENSITIES_VOLUME,,<class 'numpy.float64'>,None,"233.0, 1.0",120.0,1396.0,pop not found,drop,,,,
,UCBERKELEY_AMY_6MM,,,CTX_BANKSSTS_SUVR,,<class 'numpy.float64'>,None,"4.493, 0.845",1451.0,65.0,pop not found,keep,,,,
,UCBERKELEY_AMY_6MM,,,CTX_BANKSSTS_VOLUME,,<class 'numpy.float64'>,None,"6748.0, 2255.0",1451.0,65.0,pop not found,keep,,,,
,UCBERKELEY_AMY_6MM,,,CTX_CAUDALANTERIORCINGULATE_SUVR,,<class 'numpy.float64'>,None,"1.881, 0.591",1451.0,65.0,pop not found,keep,,,,
,UCBERKELEY_AMY_6MM,,,CTX_CAUDALANTERIORCINGULATE_VOLUME,,<class 'numpy.float64'>,None,"6906.0, 1309.0",1451.0,65.0,pop not found,keep,,,,
,UCBERKELEY_AMY_6MM,,,CTX_CAUDALMIDDLEFRONTAL_SUVR,,<class 'numpy.float64'>,None,"3.909, 0.702",1451.0,65.0,pop not found,keep,,,,
,UCBERKELEY_AMY_6MM,,,CTX_CAUDALMIDDLEFRONTAL_VOLUME,,<class 'numpy.float64'>,None,"16670.0, 5775.0",1451.0,65.0,pop not found,keep,,,,
,UCBERKELEY_AMY_6MM,,,CTX_CUNEUS_SUVR,,<class 'numpy.float64'>,None,"3.73, 0.861",1451.0,65.0,pop not found,keep,,,,
,UCBERKELEY_AMY_6MM,,,CTX_CUNEUS_VOLUME,,<class 'numpy.float64'>,None,"10467.0, 3666.0",1451.0,65.0,pop not found,keep,,,,
,UCBERKELEY_AMY_6MM,,,CTX_FRONTALPOLE_SUVR,,<class 'numpy.float64'>,None,"3.382, 0.555",1451.0,65.0,pop not found,keep,,,,
,UCBERKELEY_AMY_6MM,,,CTX_FRONTALPOLE_VOLUME,,<class 'numpy.float64'>,None,"3888.0, 982.0",1451.0,65.0,pop not found,keep,,,,
,UCBERKELEY_AMY_6MM,,,CTX_FUSIFORM_SUVR,,<class 'numpy.float64'>,None,"3.22, 0.892",1451.0,65.0,pop not found,keep,,,,
,UCBERKELEY_AMY_6MM,,,CTX_FUSIFORM_VOLUME,,<class 'numpy.float64'>,None,"25167.0, 10371.0",1451.0,65.0,pop not found,keep,,,,
,UCBERKELEY_AMY_6MM,,,CTX_INFERIORPARIETAL_SUVR,,<class 'numpy.float64'>,None,"4.384, 0.851",1451.0,65.0,pop not found,keep,,,,
,UCBERKELEY_AMY_6MM,,,CTX_INFERIORPARIETAL_VOLUME,,<class 'numpy.float64'>,None,"37678.0, 12611.0",1451.0,65.0,pop not found,keep,,,,
,UCBERKELEY_AMY_6MM,,,CTX_INFERIORTEMPORAL_SUVR,,<class 'numpy.float64'>,None,"3.837, 0.923",1451.0,65.0,pop not found,keep,,,,
,UCBERKELEY_AMY_6MM,,,CTX_INSULA_SUVR,,<class 'numpy.float64'>,None,"1.971, 0.762",1451.0,65.0,pop not found,keep,,,,
,UCBERKELEY_AMY_6MM,,,CTX_INSULA_VOLUME,,<class 'numpy.float64'>,None,"27196.0, 7460.0",1451.0,65.0,pop not found,keep,,,,
,UCBERKELEY_AMY_6MM,,,CTX_ISTHMUSCINGULATE_SUVR,,<class 'numpy.float64'>,None,"3.888, 0.828",1451.0,65.0,pop not found,keep,,,,
,UCBERKELEY_AMY_6MM,,,CTX_ISTHMUSCINGULATE_VOLUME,,<class 'numpy.float64'>,None,"8883.0, 2780.0",1451.0,65.0,pop not found,keep,,,,
,UCBERKELEY_AMY_6MM,,,CTX_LATERALOCCIPITAL_SUVR,,<class 'numpy.float64'>,None,"3.841, 0.853",1451.0,65.0,pop not found,keep,,,,
,UCBERKELEY_AMY_6MM,,,CTX_LATERALOCCIPITAL_VOLUME,,<class 'numpy.float64'>,None,"32783.0, 13885.0",1451.0,65.0,pop not found,keep,,,,
,UCBERKELEY_AMY_6MM,,,CTX_LATERALORBITOFRONTAL_SUVR,,<class 'numpy.float64'>,None,"3.399, 0.758",1451.0,65.0,pop not found,keep,,,,
,UCBERKELEY_AMY_6MM,,,CTX_LATERALORBITOFRONTAL_VOLUME,,<class 'numpy.float64'>,None,"18434.0, 8842.0",1451.0,65.0,pop not found,keep,,,,
,UCBERKELEY_AMY_6MM,,,CTX_LINGUAL_SUVR,,<class 'numpy.float64'>,None,"2.97, 0.877",1451.0,65.0,pop not found,keep,,,,
,UCBERKELEY_AMY_6MM,,,CTX_LINGUAL_VOLUME,,<class 'numpy.float64'>,None,"19601.0, 8307.0",1451.0,65.0,pop not found,keep,,,,
,UCBERKELEY_AMY_6MM,,,CTX_MEDIALORBITOFRONTAL_SUVR,,<class 'numpy.float64'>,None,"2.693, 0.753",1451.0,65.0,pop not found,keep,,,,
,UCBERKELEY_AMY_6MM,,,CTX_MEDIALORBITOFRONTAL_VOLUME,,<class 'numpy.float64'>,None,"13876.0, 6625.0",1449.0,67.0,pop not found,keep,,,,
,UCBERKELEY_AMY_6MM,,,CTX_MIDDLETEMPORAL_SUVR,,<class 'numpy.float64'>,None,"4.0, 0.912",1451.0,65.0,pop not found,keep,,,,
,UCBERKELEY_AMY_6MM,,,CTX_MIDDLETEMPORAL_VOLUME,,<class 'numpy.float64'>,None,"31685.0, 11421.0",1451.0,65.0,pop not found,keep,,,,
,UCBERKELEY_AMY_6MM,,,CTX_PARACENTRAL_SUVR,,<class 'numpy.float64'>,None,"2.363, 0.796",1451.0,65.0,pop not found,keep,,,,
,UCBERKELEY_AMY_6MM,,,CTX_PARACENTRAL_VOLUME,,<class 'numpy.float64'>,None,"10986.0, 4734.0",1451.0,65.0,pop not found,keep,,,,
,UCBERKELEY_AMY_6MM,,,CTX_PARAHIPPOCAMPAL_SUVR,,<class 'numpy.float64'>,None,"2.278, 0.784",1451.0,65.0,pop not found,keep,,,,
,UCBERKELEY_AMY_6MM,,,CTX_PARAHIPPOCAMPAL_VOLUME,,<class 'numpy.float64'>,None,"5685.0, 2214.0",1451.0,65.0,pop not found,keep,,,,
,UCBERKELEY_AMY_6MM,,,CTX_PARSOPERCULARIS_SUVR,,<class 'numpy.float64'>,None,"3.589, 0.752",1451.0,65.0,pop not found,keep,,,,
,UCBERKELEY_AMY_6MM,,,CTX_PARSOPERCULARIS_VOLUME,,<class 'numpy.float64'>,None,"12836.0, 4801.0",1451.0,65.0,pop not found,keep,,,,
,UCBERKELEY_AMY_6MM,,,CTX_PARSORBITALIS_SUVR,,<class 'numpy.float64'>,None,"3.85, 0.811",1451.0,65.0,pop not found,keep,,,,
,UCBERKELEY_AMY_6MM,,,CTX_PARSORBITALIS_VOLUME,,<class 'numpy.float64'>,None,"6892.0, 2452.0",1451.0,65.0,pop not found,keep,,,,
,UCBERKELEY_AMY_6MM,,,CTX_PARSTRIANGULARIS_SUVR,,<class 'numpy.float64'>,None,"3.512, 0.759",1451.0,65.0,pop not found,keep,,,,
,UCBERKELEY_AMY_6MM,,,CTX_PARSTRIANGULARIS_VOLUME,,<class 'numpy.float64'>,None,"11719.0, 4865.0",1451.0,65.0,pop not found,keep,,,,
,UCBERKELEY_AMY_6MM,,,CTX_PERICALCARINE_SUVR,,<class 'numpy.float64'>,None,"2.915, 0.842",1451.0,65.0,pop not found,keep,,,,
,UCBERKELEY_AMY_6MM,,,CTX_PERICALCARINE_VOLUME,,<class 'numpy.float64'>,None,"7856.0, 2165.0",1451.0,65.0,pop not found,keep,,,,
,UCBERKELEY_AMY_6MM,,,CTX_POSTCENTRAL_SUVR,,<class 'numpy.float64'>,None,"2.411, 0.706",1451.0,65.0,pop not found,keep,,,,
,UCBERKELEY_AMY_6MM,,,CTX_POSTCENTRAL_VOLUME,,<class 'numpy.float64'>,None,"25695.0, 10756.0",1451.0,65.0,pop not found,keep,,,,
,UCBERKELEY_AMY_6MM,,,CTX_POSTERIORCINGULATE_SUVR,,<class 'numpy.float64'>,None,"3.46, 0.812",1451.0,65.0,pop not found,keep,,,,
,UCBERKELEY_AMY_6MM,,,CTX_POSTERIORCINGULATE_VOLUME,,<class 'numpy.float64'>,None,"11535.0, 2054.0",1451.0,65.0,pop not found,keep,,,,
,UCBERKELEY_AMY_6MM,,,CTX_PRECENTRAL_SUVR,,<class 'numpy.float64'>,None,"2.023, 0.729",1451.0,65.0,pop not found,keep,,,,
,UCBERKELEY_AMY_6MM,,,CTX_PRECENTRAL_VOLUME,,<class 'numpy.float64'>,None,"37386.0, 13766.0",1451.0,65.0,pop not found,keep,,,,
,UCBERKELEY_AMY_6MM,,,CTX_PRECUNEUS_SUVR,,<class 'numpy.float64'>,None,"4.037, 0.875",1451.0,65.0,pop not found,keep,,,,
,UCBERKELEY_AMY_6MM,,,CTX_PRECUNEUS_VOLUME,,<class 'numpy.float64'>,None,"26608.0, 11140.0",1451.0,65.0,pop not found,keep,,,,
,UCBERKELEY_AMY_6MM,,,CTX_ROSTRALANTERIORCINGULATE_SUVR,,<class 'numpy.float64'>,None,"1.955, 0.738",1451.0,65.0,pop not found,keep,,,,
,UCBERKELEY_AMY_6MM,,,CTX_ROSTRALANTERIORCINGULATE_VOLUME,,<class 'numpy.float64'>,None,"7474.0, 1558.0",1451.0,65.0,pop not found,keep,,,,
,UCBERKELEY_AMY_6MM,,,CTX_ROSTRALMIDDLEFRONTAL_SUVR,,<class 'numpy.float64'>,None,"4.571, 0.685",1451.0,65.0,pop not found,keep,,,,
,UCBERKELEY_AMY_6MM,,,CTX_ROSTRALMIDDLEFRONTAL_VOLUME,,<class 'numpy.float64'>,None,"50046.0, 16316.0",1451.0,65.0,pop not found,keep,,,,
,UCBERKELEY_AMY_6MM,,,CTX_SUPERIORFRONTAL_SUVR,,<class 'numpy.float64'>,None,"3.007, 0.707",1451.0,65.0,pop not found,keep,,,,
,UCBERKELEY_AMY_6MM,,,CTX_SUPERIORFRONTAL_VOLUME,,<class 'numpy.float64'>,None,"57959.0, 25550.0",1451.0,65.0,pop not found,keep,,,,
,UCBERKELEY_AMY_6MM,,,CTX_SUPERIORPARIETAL_SUVR,,<class 'numpy.float64'>,None,"4.043, 0.768",1451.0,65.0,pop not found,keep,,,,
,UCBERKELEY_AMY_6MM,,,CTX_SUPERIORPARIETAL_VOLUME,,<class 'numpy.float64'>,None,"37095.0, 14825.0",1451.0,65.0,pop not found,keep,,,,
,UCBERKELEY_AMY_6MM,,,CTX_SUPERIORTEMPORAL_SUVR,,<class 'numpy.float64'>,None,"2.795, 0.818",1451.0,65.0,pop not found,keep,,,,
,UCBERKELEY_AMY_6MM,,,CTX_SUPERIORTEMPORAL_VOLUME,,<class 'numpy.float64'>,None,"30202.0, 12461.0",1451.0,65.0,pop not found,keep,,,,
,UCBERKELEY_AMY_6MM,,,CTX_SUPRAMARGINAL_SUVR,,<class 'numpy.float64'>,None,"3.539, 0.779",1451.0,65.0,pop not found,keep,,,,
,UCBERKELEY_AMY_6MM,,,CTX_SUPRAMARGINAL_VOLUME,,<class 'numpy.float64'>,None,"29072.0, 10961.0",1451.0,65.0,pop not found,keep,,,,
,UCBERKELEY_AMY_6MM,,,CTX_TEMPORALPOLE_SUVR,,<class 'numpy.float64'>,None,"2.35, 0.811",1451.0,65.0,pop not found,keep,,,,
,UCBERKELEY_AMY_6MM,,,CTX_TEMPORALPOLE_VOLUME,,<class 'numpy.float64'>,None,"9644.0, 2433.0",1451.0,65.0,pop not found,keep,,,,
,UCBERKELEY_AMY_6MM,,,CTX_TRANSVERSETEMPORAL_SUVR,,<class 'numpy.float64'>,None,"2.347, 0.7",1451.0,65.0,pop not found,keep,,,,
,UCBERKELEY_AMY_6MM,,,CTX_TRANSVERSETEMPORAL_VOLUME,,<class 'numpy.float64'>,None,"3541.0, 1147.0",1451.0,65.0,pop not found,keep,,,,
,UCBERKELEY_AMY_6MM,,,ACCUMBENS_AREA_SUVR,,<class 'numpy.float64'>,None,"2.159, 0.631",1451.0,65.0,pop not found,keep,,,,
,UCBERKELEY_AMY_6MM,,,ACCUMBENS_AREA_VOLUME,,<class 'numpy.float64'>,None,"1636.0, 300.0",1451.0,65.0,pop not found,keep,,,,
,UCBERKELEY_AMY_6MM,,,AMYGDALA_SUVR,,<class 'numpy.float64'>,None,"2.537, 0.729",1451.0,65.0,pop not found,keep,,,,
,UCBERKELEY_AMY_6MM,,,AMYGDALA_VOLUME,,<class 'numpy.float64'>,None,"4530.0, 980.0",1451.0,65.0,pop not found,keep,,,,
,UCBERKELEY_AMY_6MM,,,CAUDATE_SUVR,,<class 'numpy.float64'>,None,"1.621, 0.446",1451.0,65.0,pop not found,keep,,,,
,UCBERKELEY_AMY_6MM,,,CAUDATE_VOLUME,,<class 'numpy.float64'>,None,"12321.0, 4068.0",1451.0,65.0,pop not found,keep,,,,
,UCBERKELEY_AMY_6MM,,,CEREBELLUM_CORTEX_SUVR,,<class 'numpy.float64'>,None,"1.171, 0.947",1451.0,65.0,pop not found,keep,,,,
,UCBERKELEY_AMY_6MM,,,CEREBELLUM_CORTEX_VOLUME,,<class 'numpy.float64'>,None,"131223.0, 72344.0",1451.0,65.0,pop not found,keep,,,,
,UCBERKELEY_AMY_6MM,,,CEREBELLUM_WHITE_MATTER_SUVR,,<class 'numpy.float64'>,None,"1.485, 0.773",1451.0,65.0,pop not found,keep,,,,
,UCBERKELEY_AMY_6MM,,,CEREBELLUM_WHITE_MATTER_VOLUME,,<class 'numpy.float64'>,None,"37894.0, 13671.0",1451.0,65.0,pop not found,keep,,,,
,UCBERKELEY_AMY_6MM,,,CEREBRAL_WHITE_MATTER_SUVR,,<class 'numpy.float64'>,None,"2.576, 0.801",1451.0,65.0,pop not found,keep,,,,
,UCBERKELEY_AMY_6MM,,,CEREBRAL_WHITE_MATTER_VOLUME,,<class 'numpy.float64'>,None,"578367.0, 224785.0",1451.0,65.0,pop not found,keep,,,,
,UCBERKELEY_AMY_6MM,,,CHOROID_PLEXUS_SUVR,,<class 'numpy.float64'>,None,"3.465, 0.615",1451.0,65.0,pop not found,keep,,,,
,UCBERKELEY_AMY_6MM,,,CHOROID_PLEXUS_VOLUME,,<class 'numpy.float64'>,None,"3400.0, 620.0",1451.0,65.0,pop not found,keep,,,,
,UCBERKELEY_AMY_6MM,,,HIPPOCAMPUS_SUVR,,<class 'numpy.float64'>,None,"2.015, 0.827",1451.0,65.0,pop not found,keep,,,,
,UCBERKELEY_AMY_6MM,,,HIPPOCAMPUS_VOLUME,,<class 'numpy.float64'>,None,"11049.0, 3255.0",1451.0,65.0,pop not found,keep,,,,
,UCBERKELEY_AMY_6MM,,,OPTIC_CHIASM_SUVR,,<class 'numpy.float64'>,None,"1.953, 0.406",1451.0,65.0,pop not found,keep,,,,
,UCBERKELEY_AMY_6MM,,,OPTIC_CHIASM_VOLUME,,<class 'numpy.float64'>,None,"333.0, 51.0",1451.0,65.0,pop not found,keep,,,,
,UCBERKELEY_AMY_6MM,,,INF_LAT_VENT_SUVR,,<class 'numpy.float64'>,None,"2.141, 0.518",1451.0,65.0,pop not found,keep,,,,
,UCBERKELEY_AMY_6MM,,,INF_LAT_VENT_VOLUME,,<class 'numpy.float64'>,None,"16102.0, 164.0",1451.0,65.0,pop not found,keep,,,,
,UCBERKELEY_AMY_6MM,,,LATERAL_VENTRICLE_SUVR,,<class 'numpy.float64'>,None,"1.368, 0.218",1451.0,65.0,pop not found,keep,,,,
,UCBERKELEY_AMY_6MM,,,LATERAL_VENTRICLE_VOLUME,,<class 'numpy.float64'>,None,"129566.0, 6800.0",1451.0,65.0,pop not found,keep,,,,
,UCBERKELEY_AMY_6MM,,,PALLIDUM_SUVR,,<class 'numpy.float64'>,None,"2.529, 0.783",1451.0,65.0,pop not found,keep,,,,
,UCBERKELEY_AMY_6MM,,,PALLIDUM_VOLUME,,<class 'numpy.float64'>,None,"6324.0, 2454.0",1451.0,65.0,pop not found,keep,,,,
,UCBERKELEY_AMY_6MM,,,PUTAMEN_SUVR,,<class 'numpy.float64'>,None,"2.258, 0.778",1451.0,65.0,pop not found,keep,,,,
,UCBERKELEY_AMY_6MM,,,PUTAMEN_VOLUME,,<class 'numpy.float64'>,None,"13556.0, 4438.0",1449.0,67.0,pop not found,keep,,,,
,UCBERKELEY_AMY_6MM,,,THALAMUS_PROPER_SUVR,,<class 'numpy.float64'>,None,"2.088, 0.714",1451.0,65.0,pop not found,keep,,,,
,UCBERKELEY_AMY_6MM,,,THALAMUS_PROPER_VOLUME,,<class 'numpy.float64'>,None,"19663.0, 8557.0",1451.0,65.0,pop not found,keep,,,,
,UCBERKELEY_AMY_6MM,,,VENTRALDC_SUVR,,<class 'numpy.float64'>,None,"1.833, 0.774",1451.0,65.0,pop not found,keep,,,,
,UCBERKELEY_AMY_6MM,,,VENTRALDC_VOLUME,,<class 'numpy.float64'>,None,"10969.0, 4441.0",1451.0,65.0,pop not found,keep,,,,
,UCBERKELEY_AMY_6MM,,,VESSEL_SUVR,,<class 'numpy.float64'>,None,"2.096, 0.948",1438.0,78.0,pop not found,keep,,,,
,UCBERKELEY_AMY_6MM,,,VESSEL_VOLUME,,<class 'numpy.float64'>,None,"321.0, 1.0",1438.0,78.0,pop not found,keep,,,,
,UCBERKELEY_AMY_6MM,,,CTX_LH_BANKSSTS_SUVR,,<class 'numpy.float64'>,None,"4.46, 0.84",1451.0,65.0,pop not found,keep,,,,
,UCBERKELEY_AMY_6MM,,,CTX_LH_BANKSSTS_VOLUME,,<class 'numpy.float64'>,None,"3987.0, 779.0",1451.0,65.0,pop not found,keep,,,,
,UCBERKELEY_AMY_6MM,,,CTX_LH_CAUDALANTERIORCINGULATE_SUVR,,<class 'numpy.float64'>,None,"2.007, 0.619",1451.0,65.0,pop not found,keep,,,,
,UCBERKELEY_AMY_6MM,,,CTX_LH_CAUDALANTERIORCINGULATE_VOLUME,,<class 'numpy.float64'>,None,"4960.0, 352.0",1451.0,65.0,pop not found,keep,,,,
,UCBERKELEY_AMY_6MM,,,CTX_LH_CAUDALMIDDLEFRONTAL_SUVR,,<class 'numpy.float64'>,None,"4.124, 0.7",1451.0,65.0,pop not found,keep,,,,
,UCBERKELEY_AMY_6MM,,,CTX_LH_CAUDALMIDDLEFRONTAL_VOLUME,,<class 'numpy.float64'>,None,"12065.0, 2609.0",1451.0,65.0,pop not found,keep,,,,
,UCBERKELEY_AMY_6MM,,,CTX_LH_CUNEUS_SUVR,,<class 'numpy.float64'>,None,"3.422, 0.862",1451.0,65.0,pop not found,keep,,,,
,UCBERKELEY_AMY_6MM,,,CTX_LH_CUNEUS_VOLUME,,<class 'numpy.float64'>,None,"5051.0, 1741.0",1451.0,65.0,pop not found,keep,,,,
,UCBERKELEY_AMY_6MM,,,CTX_LH_ENTORHINAL_SUVR,,<class 'numpy.float64'>,None,"2.334, 0.848",1451.0,65.0,pop not found,keep,,,,
,UCBERKELEY_AMY_6MM,,,CTX_LH_ENTORHINAL_VOLUME,,<class 'numpy.float64'>,None,"3307.0, 291.0",1451.0,65.0,pop not found,keep,,,,
,UCBERKELEY_AMY_6MM,,,CTX_LH_FRONTALPOLE_SUVR,,<class 'numpy.float64'>,None,"3.351, 0.58",1451.0,65.0,pop not found,keep,,,,
,UCBERKELEY_AMY_6MM,,,CTX_LH_FRONTALPOLE_VOLUME,,<class 'numpy.float64'>,None,"1796.0, 508.0",1451.0,65.0,pop not found,keep,,,,
,UCBERKELEY_AMY_6MM,,,CTX_LH_FUSIFORM_SUVR,,<class 'numpy.float64'>,None,"3.531, 0.91",1451.0,65.0,pop not found,keep,,,,
,UCBERKELEY_AMY_6MM,,,CTX_LH_FUSIFORM_VOLUME,,<class 'numpy.float64'>,None,"13678.0, 3944.0",1451.0,65.0,pop not found,keep,,,,
,UCBERKELEY_AMY_6MM,,,CTX_LH_INFERIORPARIETAL_SUVR,,<class 'numpy.float64'>,None,"4.489, 0.839",1451.0,65.0,pop not found,keep,,,,
,UCBERKELEY_AMY_6MM,,,CTX_LH_INFERIORPARIETAL_VOLUME,,<class 'numpy.float64'>,None,"17756.0, 5861.0",1450.0,66.0,pop not found,keep,,,,
,UCBERKELEY_AMY_6MM,,,CTX_LH_INFERIORTEMPORAL_SUVR,,<class 'numpy.float64'>,None,"4.2, 0.925",1451.0,65.0,pop not found,keep,,,,
,UCBERKELEY_AMY_6MM,,,CTX_LH_INFERIORTEMPORAL_VOLUME,,<class 'numpy.float64'>,None,"15573.0, 4547.0",1449.0,67.0,pop not found,keep,,,,
,UCBERKELEY_AMY_6MM,,,CTX_LH_INSULA_SUVR,,<class 'numpy.float64'>,None,"2.106, 0.765",1451.0,65.0,pop not found,keep,,,,
,UCBERKELEY_AMY_6MM,,,CTX_LH_INSULA_VOLUME,,<class 'numpy.float64'>,None,"21138.0, 3825.0",1451.0,65.0,pop not found,keep,,,,
,UCBERKELEY_AMY_6MM,,,CTX_LH_ISTHMUSCINGULATE_SUVR,,<class 'numpy.float64'>,None,"3.946, 0.814",1451.0,65.0,pop not found,keep,,,,
,UCBERKELEY_AMY_6MM,,,CTX_LH_ISTHMUSCINGULATE_VOLUME,,<class 'numpy.float64'>,None,"6967.0, 1507.0",1451.0,65.0,pop not found,keep,,,,
,UCBERKELEY_AMY_6MM,,,CTX_LH_LATERALOCCIPITAL_SUVR,,<class 'numpy.float64'>,None,"3.759, 0.835",1451.0,65.0,pop not found,keep,,,,
,UCBERKELEY_AMY_6MM,,,CTX_LH_LATERALOCCIPITAL_VOLUME,,<class 'numpy.float64'>,None,"16234.0, 6196.0",1451.0,65.0,pop not found,keep,,,,
,UCBERKELEY_AMY_6MM,,,CTX_LH_LATERALORBITOFRONTAL_SUVR,,<class 'numpy.float64'>,None,"3.759, 0.747",1451.0,65.0,pop not found,keep,,,,
,UCBERKELEY_AMY_6MM,,,CTX_LH_LATERALORBITOFRONTAL_VOLUME,,<class 'numpy.float64'>,None,"11834.0, 3412.0",1451.0,65.0,pop not found,keep,,,,
,UCBERKELEY_AMY_6MM,,,CTX_LH_LINGUAL_SUVR,,<class 'numpy.float64'>,None,"2.913, 0.872",1451.0,65.0,pop not found,keep,,,,
,UCBERKELEY_AMY_6MM,,,CTX_LH_LINGUAL_VOLUME,,<class 'numpy.float64'>,None,"11629.0, 3980.0",1451.0,65.0,pop not found,keep,,,,
,UCBERKELEY_AMY_6MM,,,CTX_LH_MEDIALORBITOFRONTAL_SUVR,,<class 'numpy.float64'>,None,"2.774, 0.762",1451.0,65.0,pop not found,keep,,,,
,UCBERKELEY_AMY_6MM,,,CTX_LH_MEDIALORBITOFRONTAL_VOLUME,,<class 'numpy.float64'>,None,"7019.0, 3183.0",1451.0,65.0,pop not found,keep,,,,
,UCBERKELEY_AMY_6MM,,,CTX_LH_MIDDLETEMPORAL_SUVR,,<class 'numpy.float64'>,None,"4.237, 0.898",1451.0,65.0,pop not found,keep,,,,
,UCBERKELEY_AMY_6MM,,,CTX_LH_MIDDLETEMPORAL_VOLUME,,<class 'numpy.float64'>,None,"14767.0, 4874.0",1450.0,66.0,pop not found,keep,,,,
,UCBERKELEY_AMY_6MM,,,CTX_LH_PARACENTRAL_SUVR,,<class 'numpy.float64'>,None,"2.038, 0.753",1451.0,65.0,pop not found,keep,,,,
,UCBERKELEY_AMY_6MM,,,CTX_LH_PARACENTRAL_VOLUME,,<class 'numpy.float64'>,None,"7180.0, 2046.0",1451.0,65.0,pop not found,keep,,,,
,UCBERKELEY_AMY_6MM,,,CTX_LH_PARAHIPPOCAMPAL_SUVR,,<class 'numpy.float64'>,None,"2.409, 0.806",1451.0,65.0,pop not found,keep,,,,
,UCBERKELEY_AMY_6MM,,,CTX_LH_PARAHIPPOCAMPAL_VOLUME,,<class 'numpy.float64'>,None,"3643.0, 938.0",1451.0,65.0,pop not found,keep,,,,
,UCBERKELEY_AMY_6MM,,,CTX_LH_PARSOPERCULARIS_SUVR,,<class 'numpy.float64'>,None,"3.525, 0.743",1451.0,65.0,pop not found,keep,,,,
,UCBERKELEY_AMY_6MM,,,CTX_LH_PARSOPERCULARIS_VOLUME,,<class 'numpy.float64'>,None,"7630.0, 2451.0",1451.0,65.0,pop not found,keep,,,,
,UCBERKELEY_AMY_6MM,,,CTX_LH_PARSORBITALIS_SUVR,,<class 'numpy.float64'>,None,"4.214, 0.781",1451.0,65.0,pop not found,keep,,,,
,UCBERKELEY_AMY_6MM,,,CTX_LH_PARSORBITALIS_VOLUME,,<class 'numpy.float64'>,None,"3294.0, 438.0",1451.0,65.0,pop not found,keep,,,,
,UCBERKELEY_AMY_6MM,,,CTX_LH_PARSTRIANGULARIS_SUVR,,<class 'numpy.float64'>,None,"3.546, 0.727",1451.0,65.0,pop not found,keep,,,,
,UCBERKELEY_AMY_6MM,,,CTX_LH_PARSTRIANGULARIS_VOLUME,,<class 'numpy.float64'>,None,"5341.0, 1834.0",1451.0,65.0,pop not found,keep,,,,
,UCBERKELEY_AMY_6MM,,,CTX_LH_PERICALCARINE_SUVR,,<class 'numpy.float64'>,None,"2.703, 0.837",1451.0,65.0,pop not found,keep,,,,
,UCBERKELEY_AMY_6MM,,,CTX_LH_PERICALCARINE_VOLUME,,<class 'numpy.float64'>,None,"4678.0, 988.0",1451.0,65.0,pop not found,keep,,,,
,UCBERKELEY_AMY_6MM,,,CTX_LH_POSTCENTRAL_SUVR,,<class 'numpy.float64'>,None,"2.335, 0.705",1451.0,65.0,pop not found,keep,,,,
,UCBERKELEY_AMY_6MM,,,CTX_LH_POSTCENTRAL_VOLUME,,<class 'numpy.float64'>,None,"13889.0, 5475.0",1451.0,65.0,pop not found,keep,,,,
,UCBERKELEY_AMY_6MM,,,CTX_LH_POSTERIORCINGULATE_SUVR,,<class 'numpy.float64'>,None,"3.512, 0.762",1451.0,65.0,pop not found,keep,,,,
,UCBERKELEY_AMY_6MM,,,CTX_LH_POSTERIORCINGULATE_VOLUME,,<class 'numpy.float64'>,None,"8715.0, 990.0",1451.0,65.0,pop not found,keep,,,,
,UCBERKELEY_AMY_6MM,,,CTX_LH_PRECENTRAL_SUVR,,<class 'numpy.float64'>,None,"2.202, 0.72",1451.0,65.0,pop not found,keep,,,,
,UCBERKELEY_AMY_6MM,,,CTX_LH_PRECENTRAL_VOLUME,,<class 'numpy.float64'>,None,"25709.0, 6606.0",1451.0,65.0,pop not found,keep,,,,
,UCBERKELEY_AMY_6MM,,,CTX_LH_PRECUNEUS_SUVR,,<class 'numpy.float64'>,None,"4.285, 0.878",1451.0,65.0,pop not found,keep,,,,
,UCBERKELEY_AMY_6MM,,,CTX_LH_PRECUNEUS_VOLUME,,<class 'numpy.float64'>,None,"17038.0, 4821.0",1451.0,65.0,pop not found,keep,,,,
,UCBERKELEY_AMY_6MM,,,CTX_LH_ROSTRALANTERIORCINGULATE_SUVR,,<class 'numpy.float64'>,None,"1.936, 0.732",1451.0,65.0,pop not found,keep,,,,
,UCBERKELEY_AMY_6MM,,,CTX_LH_ROSTRALANTERIORCINGULATE_VOLUME,,<class 'numpy.float64'>,None,"5073.0, 776.0",1451.0,65.0,pop not found,keep,,,,
,UCBERKELEY_AMY_6MM,,,CTX_LH_ROSTRALMIDDLEFRONTAL_SUVR,,<class 'numpy.float64'>,None,"4.723, 0.676",1451.0,65.0,pop not found,keep,,,,
,UCBERKELEY_AMY_6MM,,,CTX_LH_ROSTRALMIDDLEFRONTAL_VOLUME,,<class 'numpy.float64'>,None,"23211.0, 6861.0",1451.0,65.0,pop not found,keep,,,,
,UCBERKELEY_AMY_6MM,,,CTX_LH_SUPERIORFRONTAL_SUVR,,<class 'numpy.float64'>,None,"3.231, 0.728",1451.0,65.0,pop not found,keep,,,,
,UCBERKELEY_AMY_6MM,,,CTX_LH_SUPERIORFRONTAL_VOLUME,,<class 'numpy.float64'>,None,"39158.0, 13132.0",1451.0,65.0,pop not found,keep,,,,
,UCBERKELEY_AMY_6MM,,,CTX_LH_SUPERIORPARIETAL_SUVR,,<class 'numpy.float64'>,None,"4.091, 0.783",1451.0,65.0,pop not found,keep,,,,
,UCBERKELEY_AMY_6MM,,,CTX_LH_SUPERIORPARIETAL_VOLUME,,<class 'numpy.float64'>,None,"23420.0, 7205.0",1451.0,65.0,pop not found,keep,,,,
,UCBERKELEY_AMY_6MM,,,CTX_LH_SUPERIORTEMPORAL_SUVR,,<class 'numpy.float64'>,None,"3.024, 0.816",1451.0,65.0,pop not found,keep,,,,
,UCBERKELEY_AMY_6MM,,,CTX_LH_SUPERIORTEMPORAL_VOLUME,,<class 'numpy.float64'>,None,"16418.0, 5891.0",1451.0,65.0,pop not found,keep,,,,
,UCBERKELEY_AMY_6MM,,,CTX_LH_SUPRAMARGINAL_SUVR,,<class 'numpy.float64'>,None,"3.696, 0.788",1451.0,65.0,pop not found,keep,,,,
,UCBERKELEY_AMY_6MM,,,CTX_LH_SUPRAMARGINAL_VOLUME,,<class 'numpy.float64'>,None,"17431.0, 5543.0",1450.0,66.0,pop not found,keep,,,,
,UCBERKELEY_AMY_6MM,,,CTX_LH_TEMPORALPOLE_SUVR,,<class 'numpy.float64'>,None,"2.828, 0.796",1451.0,65.0,pop not found,keep,,,,
,UCBERKELEY_AMY_6MM,,,CTX_LH_TEMPORALPOLE_VOLUME,,<class 'numpy.float64'>,None,"5851.0, 726.0",1451.0,65.0,pop not found,keep,,,,
,UCBERKELEY_AMY_6MM,,,CTX_LH_TRANSVERSETEMPORAL_SUVR,,<class 'numpy.float64'>,None,"2.81, 0.709",1451.0,65.0,pop not found,keep,,,,
,UCBERKELEY_AMY_6MM,,,CTX_LH_TRANSVERSETEMPORAL_VOLUME,,<class 'numpy.float64'>,None,"2249.0, 620.0",1451.0,65.0,pop not found,keep,,,,
,UCBERKELEY_AMY_6MM,,,CTX_RH_BANKSSTS_SUVR,,<class 'numpy.float64'>,None,"4.524, 0.849",1451.0,65.0,pop not found,keep,,,,
,UCBERKELEY_AMY_6MM,,,CTX_RH_BANKSSTS_VOLUME,,<class 'numpy.float64'>,None,"3247.0, 952.0",1451.0,65.0,pop not found,keep,,,,
,UCBERKELEY_AMY_6MM,,,CTX_RH_CAUDALANTERIORCINGULATE_SUVR,,<class 'numpy.float64'>,None,"1.881, 0.569",1451.0,65.0,pop not found,keep,,,,
,UCBERKELEY_AMY_6MM,,,CTX_RH_CAUDALANTERIORCINGULATE_VOLUME,,<class 'numpy.float64'>,None,"3667.0, 368.0",1451.0,65.0,pop not found,keep,,,,
,UCBERKELEY_AMY_6MM,,,CTX_RH_CAUDALMIDDLEFRONTAL_SUVR,,<class 'numpy.float64'>,None,"3.7, 0.704",1451.0,65.0,pop not found,keep,,,,
,UCBERKELEY_AMY_6MM,,,CTX_RH_CAUDALMIDDLEFRONTAL_VOLUME,,<class 'numpy.float64'>,None,"9461.0, 2379.0",1451.0,65.0,pop not found,keep,,,,
,UCBERKELEY_AMY_6MM,,,CTX_RH_CUNEUS_SUVR,,<class 'numpy.float64'>,None,"4.092, 0.821",1451.0,65.0,pop not found,keep,,,,
,UCBERKELEY_AMY_6MM,,,CTX_RH_CUNEUS_VOLUME,,<class 'numpy.float64'>,None,"6165.0, 1556.0",1451.0,65.0,pop not found,keep,,,,
,UCBERKELEY_AMY_6MM,,,CTX_RH_ENTORHINAL_SUVR,,<class 'numpy.float64'>,None,"2.391, 0.824",1451.0,65.0,pop not found,keep,,,,
,UCBERKELEY_AMY_6MM,,,CTX_RH_ENTORHINAL_VOLUME,,<class 'numpy.float64'>,None,"3452.0, 411.0",1451.0,65.0,pop not found,keep,,,,
,UCBERKELEY_AMY_6MM,,,CTX_RH_FRONTALPOLE_SUVR,,<class 'numpy.float64'>,None,"3.409, 0.535",1451.0,65.0,pop not found,keep,,,,
,UCBERKELEY_AMY_6MM,,,CTX_RH_FRONTALPOLE_VOLUME,,<class 'numpy.float64'>,None,"2370.0, 381.0",1451.0,65.0,pop not found,keep,,,,
,UCBERKELEY_AMY_6MM,,,CTX_RH_FUSIFORM_SUVR,,<class 'numpy.float64'>,None,"2.973, 0.873",1451.0,65.0,pop not found,keep,,,,
,UCBERKELEY_AMY_6MM,,,CTX_RH_FUSIFORM_VOLUME,,<class 'numpy.float64'>,None,"13810.0, 4673.0",1450.0,66.0,pop not found,keep,,,,
,UCBERKELEY_AMY_6MM,,,CTX_RH_INFERIORPARIETAL_SUVR,,<class 'numpy.float64'>,None,"4.303, 0.861",1451.0,65.0,pop not found,keep,,,,
,UCBERKELEY_AMY_6MM,,,CTX_RH_INFERIORPARIETAL_VOLUME,,<class 'numpy.float64'>,None,"21817.0, 6351.0",1451.0,65.0,pop not found,keep,,,,
,UCBERKELEY_AMY_6MM,,,CTX_RH_INFERIORTEMPORAL_SUVR,,<class 'numpy.float64'>,None,"3.534, 0.915",1451.0,65.0,pop not found,keep,,,,
,UCBERKELEY_AMY_6MM,,,CTX_RH_INFERIORTEMPORAL_VOLUME,,<class 'numpy.float64'>,None,"15738.0, 5168.0",1450.0,66.0,pop not found,keep,,,,
,UCBERKELEY_AMY_6MM,,,CTX_RH_INSULA_SUVR,,<class 'numpy.float64'>,None,"1.855, 0.76",1451.0,65.0,pop not found,keep,,,,
,UCBERKELEY_AMY_6MM,,,CTX_RH_INSULA_VOLUME,,<class 'numpy.float64'>,None,"9212.0, 3635.0",1451.0,65.0,pop not found,keep,,,,
,UCBERKELEY_AMY_6MM,,,CTX_RH_ISTHMUSCINGULATE_SUVR,,<class 'numpy.float64'>,None,"3.835, 0.834",1451.0,65.0,pop not found,keep,,,,
,UCBERKELEY_AMY_6MM,,,CTX_RH_ISTHMUSCINGULATE_VOLUME,,<class 'numpy.float64'>,None,"3770.0, 948.0",1451.0,65.0,pop not found,keep,,,,
,UCBERKELEY_AMY_6MM,,,CTX_RH_LATERALOCCIPITAL_SUVR,,<class 'numpy.float64'>,None,"3.922, 0.842",1451.0,65.0,pop not found,keep,,,,
,UCBERKELEY_AMY_6MM,,,CTX_RH_LATERALOCCIPITAL_VOLUME,,<class 'numpy.float64'>,None,"18366.0, 5576.0",1451.0,65.0,pop not found,keep,,,,
,UCBERKELEY_AMY_6MM,,,CTX_RH_LATERALORBITOFRONTAL_SUVR,,<class 'numpy.float64'>,None,"3.074, 0.77",1451.0,65.0,pop not found,keep,,,,
,UCBERKELEY_AMY_6MM,,,CTX_RH_LATERALORBITOFRONTAL_VOLUME,,<class 'numpy.float64'>,None,"9287.0, 4176.0",1451.0,65.0,pop not found,keep,,,,
,UCBERKELEY_AMY_6MM,,,CTX_RH_LINGUAL_SUVR,,<class 'numpy.float64'>,None,"3.03, 0.866",1451.0,65.0,pop not found,keep,,,,
,UCBERKELEY_AMY_6MM,,,CTX_RH_LINGUAL_VOLUME,,<class 'numpy.float64'>,None,"10478.0, 3485.0",1451.0,65.0,pop not found,keep,,,,
,UCBERKELEY_AMY_6MM,,,CTX_RH_MEDIALORBITOFRONTAL_SUVR,,<class 'numpy.float64'>,None,"2.623, 0.745",1451.0,65.0,pop not found,keep,,,,
,UCBERKELEY_AMY_6MM,,,CTX_RH_MEDIALORBITOFRONTAL_VOLUME,,<class 'numpy.float64'>,None,"7241.0, 3216.0",1451.0,65.0,pop not found,keep,,,,
,UCBERKELEY_AMY_6MM,,,CTX_RH_MIDDLETEMPORAL_SUVR,,<class 'numpy.float64'>,None,"3.786, 0.904",1451.0,65.0,pop not found,keep,,,,
,UCBERKELEY_AMY_6MM,,,CTX_RH_MIDDLETEMPORAL_VOLUME,,<class 'numpy.float64'>,None,"16918.0, 6392.0",1451.0,65.0,pop not found,keep,,,,
,UCBERKELEY_AMY_6MM,,,CTX_RH_PARACENTRAL_SUVR,,<class 'numpy.float64'>,None,"2.749, 0.757",1451.0,65.0,pop not found,keep,,,,
,UCBERKELEY_AMY_6MM,,,CTX_RH_PARACENTRAL_VOLUME,,<class 'numpy.float64'>,None,"5526.0, 2261.0",1451.0,65.0,pop not found,keep,,,,
,UCBERKELEY_AMY_6MM,,,CTX_RH_PARAHIPPOCAMPAL_SUVR,,<class 'numpy.float64'>,None,"2.313, 0.698",1451.0,65.0,pop not found,keep,,,,
,UCBERKELEY_AMY_6MM,,,CTX_RH_PARAHIPPOCAMPAL_VOLUME,,<class 'numpy.float64'>,None,"2783.0, 1096.0",1451.0,65.0,pop not found,keep,,,,
,UCBERKELEY_AMY_6MM,,,CTX_RH_PARSOPERCULARIS_SUVR,,<class 'numpy.float64'>,None,"3.672, 0.763",1451.0,65.0,pop not found,keep,,,,
,UCBERKELEY_AMY_6MM,,,CTX_RH_PARSOPERCULARIS_VOLUME,,<class 'numpy.float64'>,None,"7542.0, 2148.0",1451.0,65.0,pop not found,keep,,,,
,UCBERKELEY_AMY_6MM,,,CTX_RH_PARSORBITALIS_SUVR,,<class 'numpy.float64'>,None,"3.499, 0.792",1451.0,65.0,pop not found,keep,,,,
,UCBERKELEY_AMY_6MM,,,CTX_RH_PARSORBITALIS_VOLUME,,<class 'numpy.float64'>,None,"4301.0, 1261.0",1451.0,65.0,pop not found,keep,,,,
,UCBERKELEY_AMY_6MM,,,CTX_RH_PARSTRIANGULARIS_SUVR,,<class 'numpy.float64'>,None,"3.481, 0.755",1451.0,65.0,pop not found,keep,,,,
,UCBERKELEY_AMY_6MM,,,CTX_RH_PARSTRIANGULARIS_VOLUME,,<class 'numpy.float64'>,None,"7512.0, 2368.0",1451.0,65.0,pop not found,keep,,,,
,UCBERKELEY_AMY_6MM,,,CTX_RH_PERICALCARINE_SUVR,,<class 'numpy.float64'>,None,"3.092, 0.817",1451.0,65.0,pop not found,keep,,,,
,UCBERKELEY_AMY_6MM,,,CTX_RH_PERICALCARINE_VOLUME,,<class 'numpy.float64'>,None,"4347.0, 1160.0",1451.0,65.0,pop not found,keep,,,,
,UCBERKELEY_AMY_6MM,,,CTX_RH_POSTCENTRAL_SUVR,,<class 'numpy.float64'>,None,"2.677, 0.707",1451.0,65.0,pop not found,keep,,,,
,UCBERKELEY_AMY_6MM,,,CTX_RH_POSTCENTRAL_VOLUME,,<class 'numpy.float64'>,None,"13254.0, 4677.0",1451.0,65.0,pop not found,keep,,,,
,UCBERKELEY_AMY_6MM,,,CTX_RH_POSTERIORCINGULATE_SUVR,,<class 'numpy.float64'>,None,"3.412, 0.836",1451.0,65.0,pop not found,keep,,,,
,UCBERKELEY_AMY_6MM,,,CTX_RH_POSTERIORCINGULATE_VOLUME,,<class 'numpy.float64'>,None,"4499.0, 1064.0",1451.0,65.0,pop not found,keep,,,,
,UCBERKELEY_AMY_6MM,,,CTX_RH_PRECENTRAL_SUVR,,<class 'numpy.float64'>,None,"2.1, 0.737",1451.0,65.0,pop not found,keep,,,,
,UCBERKELEY_AMY_6MM,,,CTX_RH_PRECENTRAL_VOLUME,,<class 'numpy.float64'>,None,"18058.0, 6369.0",1451.0,65.0,pop not found,keep,,,,
,UCBERKELEY_AMY_6MM,,,CTX_RH_PRECUNEUS_SUVR,,<class 'numpy.float64'>,None,"3.817, 0.855",1451.0,65.0,pop not found,keep,,,,
,UCBERKELEY_AMY_6MM,,,CTX_RH_PRECUNEUS_VOLUME,,<class 'numpy.float64'>,None,"13659.0, 5498.0",1451.0,65.0,pop not found,keep,,,,
,UCBERKELEY_AMY_6MM,,,CTX_RH_ROSTRALANTERIORCINGULATE_SUVR,,<class 'numpy.float64'>,None,"1.976, 0.718",1451.0,65.0,pop not found,keep,,,,
,UCBERKELEY_AMY_6MM,,,CTX_RH_ROSTRALANTERIORCINGULATE_VOLUME,,<class 'numpy.float64'>,None,"3308.0, 559.0",1451.0,65.0,pop not found,keep,,,,
,UCBERKELEY_AMY_6MM,,,CTX_RH_ROSTRALMIDDLEFRONTAL_SUVR,,<class 'numpy.float64'>,None,"4.42, 0.693",1451.0,65.0,pop not found,keep,,,,
,UCBERKELEY_AMY_6MM,,,CTX_RH_ROSTRALMIDDLEFRONTAL_VOLUME,,<class 'numpy.float64'>,None,"26835.0, 7884.0",1451.0,65.0,pop not found,keep,,,,
,UCBERKELEY_AMY_6MM,,,CTX_RH_SUPERIORFRONTAL_SUVR,,<class 'numpy.float64'>,None,"2.784, 0.687",1451.0,65.0,pop not found,keep,,,,
,UCBERKELEY_AMY_6MM,,,CTX_RH_SUPERIORFRONTAL_VOLUME,,<class 'numpy.float64'>,None,"28618.0, 10729.0",1451.0,65.0,pop not found,keep,,,,
,UCBERKELEY_AMY_6MM,,,CTX_RH_SUPERIORPARIETAL_SUVR,,<class 'numpy.float64'>,None,"3.985, 0.748",1451.0,65.0,pop not found,keep,,,,
,UCBERKELEY_AMY_6MM,,,CTX_RH_SUPERIORPARIETAL_VOLUME,,<class 'numpy.float64'>,None,"18993.0, 6246.0",1450.0,66.0,pop not found,keep,,,,
,UCBERKELEY_AMY_6MM,,,CTX_RH_SUPERIORTEMPORAL_SUVR,,<class 'numpy.float64'>,None,"2.553, 0.809",1451.0,65.0,pop not found,keep,,,,
,UCBERKELEY_AMY_6MM,,,CTX_RH_SUPERIORTEMPORAL_VOLUME,,<class 'numpy.float64'>,None,"14560.0, 5963.0",1451.0,65.0,pop not found,keep,,,,
,UCBERKELEY_AMY_6MM,,,CTX_RH_SUPRAMARGINAL_SUVR,,<class 'numpy.float64'>,None,"3.381, 0.77",1451.0,65.0,pop not found,keep,,,,
,UCBERKELEY_AMY_6MM,,,CTX_RH_SUPRAMARGINAL_VOLUME,,<class 'numpy.float64'>,None,"14074.0, 4622.0",1451.0,65.0,pop not found,keep,,,,
,UCBERKELEY_AMY_6MM,,,CTX_RH_TEMPORALPOLE_SUVR,,<class 'numpy.float64'>,None,"2.338, 0.807",1451.0,65.0,pop not found,keep,,,,
,UCBERKELEY_AMY_6MM,,,CTX_RH_TEMPORALPOLE_VOLUME,,<class 'numpy.float64'>,None,"4666.0, 878.0",1451.0,65.0,pop not found,keep,,,,
,UCBERKELEY_AMY_6MM,,,CTX_RH_TRANSVERSETEMPORAL_SUVR,,<class 'numpy.float64'>,None,"1.94, 0.684",1451.0,65.0,pop not found,keep,,,,
,UCBERKELEY_AMY_6MM,,,CTX_RH_TRANSVERSETEMPORAL_VOLUME,,<class 'numpy.float64'>,None,"1566.0, 461.0",1451.0,65.0,pop not found,keep,,,,
,UCBERKELEY_AMY_6MM,,,LEFT_ACCUMBENS_AREA_SUVR,,<class 'numpy.float64'>,None,"2.312, 0.673",1451.0,65.0,pop not found,keep,,,,
,UCBERKELEY_AMY_6MM,,,LEFT_ACCUMBENS_AREA_VOLUME,,<class 'numpy.float64'>,None,"821.0, 116.0",1451.0,65.0,pop not found,keep,,,,
,UCBERKELEY_AMY_6MM,,,LEFT_AMYGDALA_SUVR,,<class 'numpy.float64'>,None,"2.602, 0.684",1451.0,65.0,pop not found,keep,,,,
,UCBERKELEY_AMY_6MM,,,LEFT_AMYGDALA_VOLUME,,<class 'numpy.float64'>,None,"2468.0, 375.0",1451.0,65.0,pop not found,keep,,,,
,UCBERKELEY_AMY_6MM,,,LEFT_CAUDATE_SUVR,,<class 'numpy.float64'>,None,"1.606, 0.457",1451.0,65.0,pop not found,keep,,,,
,UCBERKELEY_AMY_6MM,,,LEFT_CAUDATE_VOLUME,,<class 'numpy.float64'>,None,"5745.0, 2065.0",1451.0,65.0,pop not found,keep,,,,
,UCBERKELEY_AMY_6MM,,,LEFT_CEREBELLUM_CORTEX_SUVR,,<class 'numpy.float64'>,None,"1.18, 0.939",1451.0,65.0,pop not found,keep,,,,
,UCBERKELEY_AMY_6MM,,,LEFT_CEREBELLUM_CORTEX_VOLUME,,<class 'numpy.float64'>,None,"66449.0, 36265.0",1451.0,65.0,pop not found,keep,,,,
,UCBERKELEY_AMY_6MM,,,LEFT_CEREBELLUM_WHITE_MATTER_SUVR,,<class 'numpy.float64'>,None,"1.416, 0.756",1451.0,65.0,pop not found,keep,,,,
,UCBERKELEY_AMY_6MM,,,LEFT_CEREBELLUM_WHITE_MATTER_VOLUME,,<class 'numpy.float64'>,None,"19946.0, 6892.0",1451.0,65.0,pop not found,keep,,,,
,UCBERKELEY_AMY_6MM,,,LEFT_CEREBRAL_WHITE_MATTER_SUVR,,<class 'numpy.float64'>,None,"2.69, 0.796",1451.0,65.0,pop not found,keep,,,,
,UCBERKELEY_AMY_6MM,,,LEFT_CEREBRAL_WHITE_MATTER_VOLUME,,<class 'numpy.float64'>,None,"288688.0, 30465.0",1451.0,65.0,pop not found,keep,,,,
,UCBERKELEY_AMY_6MM,,,LEFT_CHOROID_PLEXUS_SUVR,,<class 'numpy.float64'>,None,"3.683, 0.5",1451.0,65.0,pop not found,keep,,,,
,UCBERKELEY_AMY_6MM,,,LEFT_CHOROID_PLEXUS_VOLUME,,<class 'numpy.float64'>,None,"1916.0, 276.0",1451.0,65.0,pop not found,keep,,,,
,UCBERKELEY_AMY_6MM,,,LEFT_HIPPOCAMPUS_SUVR,,<class 'numpy.float64'>,None,"2.028, 0.805",1451.0,65.0,pop not found,keep,,,,
,UCBERKELEY_AMY_6MM,,,LEFT_HIPPOCAMPUS_VOLUME,,<class 'numpy.float64'>,None,"6080.0, 1314.0",1451.0,65.0,pop not found,keep,,,,
,UCBERKELEY_AMY_6MM,,,LEFT_INF_LAT_VENT_SUVR,,<class 'numpy.float64'>,None,"2.237, 0.568",1451.0,65.0,pop not found,keep,,,,
,UCBERKELEY_AMY_6MM,,,LEFT_INF_LAT_VENT_VOLUME,,<class 'numpy.float64'>,None,"11328.0, 53.0",1451.0,65.0,pop not found,keep,,,,
,UCBERKELEY_AMY_6MM,,,LEFT_LATERAL_VENTRICLE_SUVR,,<class 'numpy.float64'>,None,"1.329, 0.214",1451.0,65.0,pop not found,keep,,,,
,UCBERKELEY_AMY_6MM,,,LEFT_LATERAL_VENTRICLE_VOLUME,,<class 'numpy.float64'>,None,"79775.0, 3414.0",1451.0,65.0,pop not found,keep,,,,
,UCBERKELEY_AMY_6MM,,,LEFT_PALLIDUM_SUVR,,<class 'numpy.float64'>,None,"2.591, 0.774",1451.0,65.0,pop not found,keep,,,,
,UCBERKELEY_AMY_6MM,,,LEFT_PALLIDUM_VOLUME,,<class 'numpy.float64'>,None,"3117.0, 1090.0",1451.0,65.0,pop not found,keep,,,,
,UCBERKELEY_AMY_6MM,,,LEFT_PUTAMEN_SUVR,,<class 'numpy.float64'>,None,"2.29, 0.791",1451.0,65.0,pop not found,keep,,,,
,UCBERKELEY_AMY_6MM,,,LEFT_PUTAMEN_VOLUME,,<class 'numpy.float64'>,None,"6943.0, 1945.0",1451.0,65.0,pop not found,keep,,,,
,UCBERKELEY_AMY_6MM,,,LEFT_THALAMUS_PROPER_SUVR,,<class 'numpy.float64'>,None,"2.057, 0.728",1451.0,65.0,pop not found,keep,,,,
,UCBERKELEY_AMY_6MM,,,LEFT_THALAMUS_PROPER_VOLUME,,<class 'numpy.float64'>,None,"9616.0, 3953.0",1451.0,65.0,pop not found,keep,,,,
,UCBERKELEY_AMY_6MM,,,LEFT_VENTRALDC_SUVR,,<class 'numpy.float64'>,None,"1.818, 0.76",1451.0,65.0,pop not found,keep,,,,
,UCBERKELEY_AMY_6MM,,,LEFT_VENTRALDC_VOLUME,,<class 'numpy.float64'>,None,"5592.0, 2259.0",1451.0,65.0,pop not found,keep,,,,
,UCBERKELEY_AMY_6MM,,,LEFT_VESSEL_SUVR,,<class 'numpy.float64'>,None,"2.173, 0.936",1413.0,103.0,pop not found,keep,,,,
,UCBERKELEY_AMY_6MM,,,LEFT_VESSEL_VOLUME,,<class 'numpy.float64'>,None,"311.0, 1.0",1413.0,103.0,pop not found,keep,,,,
,UCBERKELEY_AMY_6MM,,,RIGHT_ACCUMBENS_AREA_SUVR,,<class 'numpy.float64'>,None,"2.26, 0.587",1451.0,65.0,pop not found,keep,,,,
,UCBERKELEY_AMY_6MM,,,RIGHT_ACCUMBENS_AREA_VOLUME,,<class 'numpy.float64'>,None,"815.0, 172.0",1451.0,65.0,pop not found,keep,,,,
,UCBERKELEY_AMY_6MM,,,RIGHT_AMYGDALA_SUVR,,<class 'numpy.float64'>,None,"2.584, 0.772",1451.0,65.0,pop not found,keep,,,,
,UCBERKELEY_AMY_6MM,,,RIGHT_AMYGDALA_VOLUME,,<class 'numpy.float64'>,None,"2380.0, 595.0",1451.0,65.0,pop not found,keep,,,,
,UCBERKELEY_AMY_6MM,,,RIGHT_CAUDATE_SUVR,,<class 'numpy.float64'>,None,"1.665, 0.434",1451.0,65.0,pop not found,keep,,,,
,UCBERKELEY_AMY_6MM,,,RIGHT_CAUDATE_VOLUME,,<class 'numpy.float64'>,None,"6880.0, 2003.0",1451.0,65.0,pop not found,keep,,,,
,UCBERKELEY_AMY_6MM,,,RIGHT_CEREBELLUM_CORTEX_SUVR,,<class 'numpy.float64'>,None,"1.164, 0.954",1451.0,65.0,pop not found,keep,,,,
,UCBERKELEY_AMY_6MM,,,RIGHT_CEREBELLUM_CORTEX_VOLUME,,<class 'numpy.float64'>,None,"67648.0, 36079.0",1451.0,65.0,pop not found,keep,,,,
,UCBERKELEY_AMY_6MM,,,RIGHT_CEREBELLUM_WHITE_MATTER_SUVR,,<class 'numpy.float64'>,None,"1.559, 0.791",1451.0,65.0,pop not found,keep,,,,
,UCBERKELEY_AMY_6MM,,,RIGHT_CEREBELLUM_WHITE_MATTER_VOLUME,,<class 'numpy.float64'>,None,"21449.0, 6779.0",1451.0,65.0,pop not found,keep,,,,
,UCBERKELEY_AMY_6MM,,,RIGHT_CEREBRAL_WHITE_MATTER_SUVR,,<class 'numpy.float64'>,None,"2.462, 0.806",1451.0,65.0,pop not found,keep,,,,
,UCBERKELEY_AMY_6MM,,,RIGHT_CEREBRAL_WHITE_MATTER_VOLUME,,<class 'numpy.float64'>,None,"290343.0, 129854.0",1451.0,65.0,pop not found,keep,,,,
,UCBERKELEY_AMY_6MM,,,RIGHT_CHOROID_PLEXUS_SUVR,,<class 'numpy.float64'>,None,"3.39, 0.61",1451.0,65.0,pop not found,keep,,,,
,UCBERKELEY_AMY_6MM,,,RIGHT_CHOROID_PLEXUS_VOLUME,,<class 'numpy.float64'>,None,"1753.0, 126.0",1451.0,65.0,pop not found,keep,,,,
,UCBERKELEY_AMY_6MM,,,RIGHT_HIPPOCAMPUS_SUVR,,<class 'numpy.float64'>,None,"2.0, 0.755",1451.0,65.0,pop not found,keep,,,,
,UCBERKELEY_AMY_6MM,,,RIGHT_HIPPOCAMPUS_VOLUME,,<class 'numpy.float64'>,None,"5758.0, 852.0",1451.0,65.0,pop not found,keep,,,,
,UCBERKELEY_AMY_6MM,,,RIGHT_INF_LAT_VENT_SUVR,,<class 'numpy.float64'>,None,"2.206, 0.448",1451.0,65.0,pop not found,keep,,,,
,UCBERKELEY_AMY_6MM,,,RIGHT_INF_LAT_VENT_VOLUME,,<class 'numpy.float64'>,None,"4987.0, 67.0",1451.0,65.0,pop not found,keep,,,,
,UCBERKELEY_AMY_6MM,,,RIGHT_LATERAL_VENTRICLE_SUVR,,<class 'numpy.float64'>,None,"1.41, 0.221",1451.0,65.0,pop not found,keep,,,,
,UCBERKELEY_AMY_6MM,,,RIGHT_LATERAL_VENTRICLE_VOLUME,,<class 'numpy.float64'>,None,"71992.0, 3386.0",1451.0,65.0,pop not found,keep,,,,
,UCBERKELEY_AMY_6MM,,,RIGHT_PALLIDUM_SUVR,,<class 'numpy.float64'>,None,"2.491, 0.791",1451.0,65.0,pop not found,keep,,,,
,UCBERKELEY_AMY_6MM,,,RIGHT_PALLIDUM_VOLUME,,<class 'numpy.float64'>,None,"3207.0, 688.0",1451.0,65.0,pop not found,keep,,,,
,UCBERKELEY_AMY_6MM,,,RIGHT_PUTAMEN_SUVR,,<class 'numpy.float64'>,None,"2.253, 0.766",1451.0,65.0,pop not found,keep,,,,
,UCBERKELEY_AMY_6MM,,,RIGHT_PUTAMEN_VOLUME,,<class 'numpy.float64'>,None,"7115.0, 2106.0",1451.0,65.0,pop not found,keep,,,,
,UCBERKELEY_AMY_6MM,,,RIGHT_THALAMUS_PROPER_SUVR,,<class 'numpy.float64'>,None,"2.123, 0.7",1451.0,65.0,pop not found,keep,,,,
,UCBERKELEY_AMY_6MM,,,RIGHT_THALAMUS_PROPER_VOLUME,,<class 'numpy.float64'>,None,"10375.0, 3522.0",1451.0,65.0,pop not found,keep,,,,
,UCBERKELEY_AMY_6MM,,,RIGHT_VENTRALDC_SUVR,,<class 'numpy.float64'>,None,"1.847, 0.786",1451.0,65.0,pop not found,keep,,,,
,UCBERKELEY_AMY_6MM,,,RIGHT_VENTRALDC_VOLUME,,<class 'numpy.float64'>,None,"5634.0, 1892.0",1451.0,65.0,pop not found,keep,,,,
,UCBERKELEY_AMY_6MM,,,RIGHT_VESSEL_SUVR,,<class 'numpy.float64'>,None,"2.138, 0.979",1400.0,116.0,pop not found,keep,,,,
,UCBERKELEY_AMY_6MM,,,RIGHT_VESSEL_VOLUME,,<class 'numpy.float64'>,None,"278.0, 1.0",1400.0,116.0,pop not found,keep,,,,
,UCBERKELEY_AMY_6MM,,,Npositive,,<class 'numpy.float64'>,"0.0, nan","0.0, 0.0",1451.0,65.0,pop not found,keep,,,,
,UCBERKELEY_TAUPVC_6MM,,CSF_SUVR,CSF_SUVR,,<class 'numpy.float64'>,None,"1.499, 0.451",1451.0,65.0,pop not found,keep,predittore,intervallo,,
,UCBERKELEY_TAUPVC_6MM,,,RID,,<class 'numpy.int64'>,None,"7121.0, 21.0",1516.0,0.0,pop not found,keep,,,,
,UCBERKELEY_TAUPVC_6MM,,,VISCODE2,,<class 'str'>,"m144, m150, m162, m156, m168",None,1516.0,0.0,pop not found,keep,,,,
,UCBERKELEY_TAUPVC_6MM,,,SCANDATE,,<class 'str'>,"2018-02-02, 2018-04-24, 2019-04-23, 2018-02-20, 2019-01-10",None,1516.0,0.0,pop not found,keep,,,,
,UCBERKELEY_TAUPVC_6MM,,,CTX_ENTORHINAL_VOLUME,,<class 'numpy.float64'>,None,"5946.0, 746.0",1451.0,65.0,pop not found,keep,predittore,intervallo,,
,UCBERKELEY_TAUPVC_6MM,,,CSF_VOLUME,,<class 'numpy.float64'>,None,"3561.0, 670.0",1451.0,65.0,pop not found,keep,predittore,intervallo,,
,UCBERKELEY_TAUPVC_6MM,,,CTX_FUSIFORM_VOLUME,,<class 'numpy.float64'>,None,"25167.0, 10371.0",1451.0,65.0,pop not found,keep,predittore,intervallo,,
,UCBERKELEY_TAUPVC_6MM,,,CTX_INFERIORPARIETAL_VOLUME,,<class 'numpy.float64'>,None,"37678.0, 12611.0",1451.0,65.0,pop not found,keep,predittore,intervallo,,
,UCBERKELEY_TAUPVC_6MM,,,CTX_INFERIORTEMPORAL_VOLUME,,<class 'numpy.float64'>,None,"29491.0, 9715.0",1451.0,65.0,pop not found,keep,predittore,intervallo,,
,UCBERKELEY_TAUPVC_6MM,,,CTX_LATERALOCCIPITAL_VOLUME,,<class 'numpy.float64'>,None,"32783.0, 13885.0",1451.0,65.0,pop not found,keep,predittore,intervallo,,
,UCBERKELEY_TAUPVC_6MM,,,CTX_MIDDLETEMPORAL_VOLUME,,<class 'numpy.float64'>,None,"31685.0, 11421.0",1451.0,65.0,pop not found,keep,predittore,intervallo,,
,UCBERKELEY_TAUPVC_6MM,,,CTX_PARAHIPPOCAMPAL_VOLUME,,<class 'numpy.float64'>,None,"5685.0, 2214.0",1451.0,65.0,pop not found,keep,predittore,intervallo,,
,UCBERKELEY_TAUPVC_6MM,,,CTX_PRECUNEUS_VOLUME,,<class 'numpy.float64'>,None,"26608.0, 11140.0",1451.0,65.0,pop not found,keep,predittore,intervallo,,
,UCBERKELEY_TAUPVC_6MM,,,Apositive,,<class 'numpy.float64'>,"1.0, 0.0, nan","1.0, 0.0",1451.0,65.0,pop not found,keep,,,,
,UCBERKELEY_TAUPVC_6MM,,,Tpositive,,<class 'numpy.float64'>,"1.0, 0.0, nan","1.0, 0.0",1451.0,65.0,pop not found,keep,,,,
,UCBERKELEY_TAUPVC_6MM,,,LONIUID,,<class 'numpy.int64'>,None,"11432364.0, 513671.0",1516.0,0.0,pop not found,keep,,,,
,UCBERKELEY_TAUPVC_6MM,,,PTID,,<class 'str'>,"011_S_0021, 023_S_0031, 067_S_0056, 100_S_0069, 073_S_0089",None,1516.0,0.0,pop not found,keep,,,,
,UCBERKELEY_TAUPVC_6MM,,,SITEID,,<class 'numpy.int64'>,None,"941.0, 2.0",1516.0,0.0,pop not found,keep,,,,
,UCBERKELEY_TAUPVC_6MM,,,PROCESSDATE,,<class 'str'>,"2022-09-02, 2024-08-02, 2024-02-15, 2024-08-22, 2022-11-18",None,1516.0,0.0,pop not found,keep,,,,
,UCBERKELEY_TAUPVC_6MM,,,TRACER,,<class 'str'>,"FTP, MK6240, PI2620",None,1516.0,0.0,pop not found,keep,,,,
,UCBERKELEY_TAUPVC_6MM,,,TRACER_SUVR_WARNING,,<class 'str'>,DO NOT COMPARE SUVRs ACROSS TRACERS,None,1516.0,0.0,pop not found,keep,,,,
,UCBERKELEY_TAUPVC_6MM,,,META_TEMPORAL_SUVR,,<class 'numpy.float64'>,None,"3.517, 0.916",1516.0,0.0,pop not found,keep,,,,
,UCBERKELEY_TAUPVC_6MM,,,META_TEMPORAL_VOLUME,,<class 'numpy.float64'>,None,"93169.0, 36639.0",1451.0,65.0,pop not found,keep,,,,
,UCBERKELEY_TAUPVC_6MM,,,CTX_ENTORHINAL_SUVR,,<class 'numpy.float64'>,None,"2.345, 0.829",1516.0,0.0,pop not found,keep,,,,
,UCBERKELEY_TAUPVC_6MM,,,INFERIORCEREBELLUM_SUVR,,<class 'numpy.float64'>,1.0,"1.0, 1.0",1516.0,0.0,pop not found,keep,,,,
,UCBERKELEY_TAUPVC_6MM,,,INFERIORCEREBELLUM_VOLUME,,<class 'numpy.float64'>,None,"85726.0, 40753.0",1451.0,65.0,pop not found,keep,,,,
,UCBERKELEY_TAUPVC_6MM,,,BRAINSTEM_SUVR,,<class 'numpy.float64'>,None,"1.32, 0.688",1451.0,65.0,pop not found,keep,,,,
,UCBERKELEY_TAUPVC_6MM,,,BRAINSTEM_VOLUME,,<class 'numpy.float64'>,None,"30815.0, 13781.0",1451.0,65.0,pop not found,keep,,,,
,UCBERKELEY_TAUPVC_6MM,,,CC_ANTERIOR_SUVR,,<class 'numpy.float64'>,None,"1.263, 0.486",1451.0,65.0,pop not found,keep,,,,
,UCBERKELEY_TAUPVC_6MM,,,CC_ANTERIOR_VOLUME,,<class 'numpy.float64'>,None,"1763.0, 490.0",1451.0,65.0,pop not found,keep,,,,
,UCBERKELEY_TAUPVC_6MM,,,CC_CENTRAL_SUVR,,<class 'numpy.float64'>,None,"1.459, 0.429",1451.0,65.0,pop not found,keep,,,,
,UCBERKELEY_TAUPVC_6MM,,,CC_CENTRAL_VOLUME,,<class 'numpy.float64'>,None,"1380.0, 259.0",1451.0,65.0,pop not found,keep,,,,
,UCBERKELEY_TAUPVC_6MM,,,CC_MID_ANTERIOR_SUVR,,<class 'numpy.float64'>,None,"1.194, 0.444",1451.0,65.0,pop not found,keep,,,,
,UCBERKELEY_TAUPVC_6MM,,,CC_MID_ANTERIOR_VOLUME,,<class 'numpy.float64'>,None,"1241.0, 225.0",1451.0,65.0,pop not found,keep,,,,
,UCBERKELEY_TAUPVC_6MM,,,CC_MID_POSTERIOR_SUVR,,<class 'numpy.float64'>,None,"1.52, 0.329",1451.0,65.0,pop not found,keep,,,,
,UCBERKELEY_TAUPVC_6MM,,,CC_MID_POSTERIOR_VOLUME,,<class 'numpy.float64'>,None,"1659.0, 189.0",1451.0,65.0,pop not found,keep,,,,
,UCBERKELEY_TAUPVC_6MM,,,CC_POSTERIOR_SUVR,,<class 'numpy.float64'>,None,"1.665, 0.551",1451.0,65.0,pop not found,keep,,,,
,UCBERKELEY_TAUPVC_6MM,,,CC_POSTERIOR_VOLUME,,<class 'numpy.float64'>,None,"2057.0, 259.0",1451.0,65.0,pop not found,keep,,,,
,UCBERKELEY_TAUPVC_6MM,,,VENTRICLE_3RD_SUVR,,<class 'numpy.float64'>,None,"1.243, 0.382",1451.0,65.0,pop not found,keep,,,,
,UCBERKELEY_TAUPVC_6MM,,,VENTRICLE_3RD_VOLUME,,<class 'numpy.float64'>,None,"4635.0, 588.0",1451.0,65.0,pop not found,keep,,,,
,UCBERKELEY_TAUPVC_6MM,,,VENTRICLE_4TH_SUVR,,<class 'numpy.float64'>,None,"1.628, 0.566",1451.0,65.0,pop not found,keep,,,,
,UCBERKELEY_TAUPVC_6MM,,,VENTRICLE_4TH_VOLUME,,<class 'numpy.float64'>,None,"5081.0, 739.0",1451.0,65.0,pop not found,keep,,,,
,UCBERKELEY_TAUPVC_6MM,,,VENTRICLE_5TH_SUVR,,<class 'numpy.float64'>,None,"0.68, 0.257",16.0,1500.0,pop not found,drop,,,,
,UCBERKELEY_TAUPVC_6MM,,,VENTRICLE_5TH_VOLUME,,<class 'numpy.float64'>,"nan, 3.0, 8.0, 4.0, 2.0, 1.0, 10.0, 6.0, 11.0","11.0, 1.0",16.0,1500.0,pop not found,drop,,,,
,UCBERKELEY_TAUPVC_6MM,,,WM_HYPOINTENSITIES_SUVR,,<class 'numpy.float64'>,None,"1.534, 0.488",1451.0,65.0,pop not found,keep,,,,
,UCBERKELEY_TAUPVC_6MM,,,WM_HYPOINTENSITIES_VOLUME,,<class 'numpy.float64'>,None,"72336.0, 337.0",1451.0,65.0,pop not found,keep,,,,
,UCBERKELEY_TAUPVC_6MM,,,NON_WM_HYPOINTENSITIES_SUVR,,<class 'numpy.float64'>,None,"1.867, 0.276",120.0,1396.0,pop not found,drop,,,,
,UCBERKELEY_TAUPVC_6MM,,,NON_WM_HYPOINTENSITIES_VOLUME,,<class 'numpy.float64'>,None,"233.0, 1.0",120.0,1396.0,pop not found,drop,,,,
,UCBERKELEY_TAUPVC_6MM,,,CTX_BANKSSTS_SUVR,,<class 'numpy.float64'>,None,"4.493, 0.845",1451.0,65.0,pop not found,keep,,,,
,UCBERKELEY_TAUPVC_6MM,,,CTX_BANKSSTS_VOLUME,,<class 'numpy.float64'>,None,"6748.0, 2255.0",1451.0,65.0,pop not found,keep,,,,
,UCBERKELEY_TAUPVC_6MM,,,CTX_CAUDALANTERIORCINGULATE_SUVR,,<class 'numpy.float64'>,None,"1.881, 0.591",1451.0,65.0,pop not found,keep,,,,
,UCBERKELEY_TAUPVC_6MM,,,CTX_CAUDALANTERIORCINGULATE_VOLUME,,<class 'numpy.float64'>,None,"6906.0, 1309.0",1451.0,65.0,pop not found,keep,,,,
,UCBERKELEY_TAUPVC_6MM,,,CTX_CAUDALMIDDLEFRONTAL_SUVR,,<class 'numpy.float64'>,None,"3.909, 0.702",1451.0,65.0,pop not found,keep,,,,
,UCBERKELEY_TAUPVC_6MM,,,CTX_CAUDALMIDDLEFRONTAL_VOLUME,,<class 'numpy.float64'>,None,"16670.0, 5775.0",1451.0,65.0,pop not found,keep,,,,
,UCBERKELEY_TAUPVC_6MM,,,CTX_CUNEUS_SUVR,,<class 'numpy.float64'>,None,"3.73, 0.861",1451.0,65.0,pop not found,keep,,,,
,UCBERKELEY_TAUPVC_6MM,,,CTX_CUNEUS_VOLUME,,<class 'numpy.float64'>,None,"10467.0, 3666.0",1451.0,65.0,pop not found,keep,,,,
,UCBERKELEY_TAUPVC_6MM,,,CTX_FRONTALPOLE_SUVR,,<class 'numpy.float64'>,None,"3.382, 0.555",1451.0,65.0,pop not found,keep,,,,
,UCBERKELEY_TAUPVC_6MM,,,CTX_FRONTALPOLE_VOLUME,,<class 'numpy.float64'>,None,"3888.0, 982.0",1451.0,65.0,pop not found,keep,,,,
,UCBERKELEY_TAUPVC_6MM,,,CTX_FUSIFORM_SUVR,,<class 'numpy.float64'>,None,"3.22, 0.892",1451.0,65.0,pop not found,keep,,,,
,UCBERKELEY_TAUPVC_6MM,,,CTX_INFERIORPARIETAL_SUVR,,<class 'numpy.float64'>,None,"4.384, 0.851",1451.0,65.0,pop not found,keep,,,,
,UCBERKELEY_TAUPVC_6MM,,,CTX_INFERIORTEMPORAL_SUVR,,<class 'numpy.float64'>,None,"3.837, 0.923",1451.0,65.0,pop not found,keep,,,,
,UCBERKELEY_TAUPVC_6MM,,,CTX_INSULA_SUVR,,<class 'numpy.float64'>,None,"1.971, 0.762",1451.0,65.0,pop not found,keep,,,,
,UCBERKELEY_TAUPVC_6MM,,,CTX_INSULA_VOLUME,,<class 'numpy.float64'>,None,"27196.0, 7460.0",1451.0,65.0,pop not found,keep,,,,
,UCBERKELEY_TAUPVC_6MM,,,CTX_ISTHMUSCINGULATE_SUVR,,<class 'numpy.float64'>,None,"3.888, 0.828",1451.0,65.0,pop not found,keep,,,,
,UCBERKELEY_TAUPVC_6MM,,,CTX_ISTHMUSCINGULATE_VOLUME,,<class 'numpy.float64'>,None,"8883.0, 2780.0",1451.0,65.0,pop not found,keep,,,,
,UCBERKELEY_TAUPVC_6MM,,,CTX_LATERALOCCIPITAL_SUVR,,<class 'numpy.float64'>,None,"3.841, 0.853",1451.0,65.0,pop not found,keep,,,,
,UCBERKELEY_TAUPVC_6MM,,,CTX_LATERALORBITOFRONTAL_SUVR,,<class 'numpy.float64'>,None,"3.399, 0.758",1451.0,65.0,pop not found,keep,,,,
,UCBERKELEY_TAUPVC_6MM,,,CTX_LATERALORBITOFRONTAL_VOLUME,,<class 'numpy.float64'>,None,"18434.0, 8842.0",1451.0,65.0,pop not found,keep,,,,
,UCBERKELEY_TAUPVC_6MM,,,CTX_LINGUAL_SUVR,,<class 'numpy.float64'>,None,"2.97, 0.877",1451.0,65.0,pop not found,keep,,,,
,UCBERKELEY_TAUPVC_6MM,,,CTX_LINGUAL_VOLUME,,<class 'numpy.float64'>,None,"19601.0, 8307.0",1451.0,65.0,pop not found,keep,,,,
,UCBERKELEY_TAUPVC_6MM,,,CTX_MEDIALORBITOFRONTAL_SUVR,,<class 'numpy.float64'>,None,"2.693, 0.753",1451.0,65.0,pop not found,keep,,,,
,UCBERKELEY_TAUPVC_6MM,,,CTX_MEDIALORBITOFRONTAL_VOLUME,,<class 'numpy.float64'>,None,"13876.0, 6625.0",1449.0,67.0,pop not found,keep,,,,
,UCBERKELEY_TAUPVC_6MM,,,CTX_MIDDLETEMPORAL_SUVR,,<class 'numpy.float64'>,None,"4.0, 0.912",1451.0,65.0,pop not found,keep,,,,
,UCBERKELEY_TAUPVC_6MM,,,CTX_PARACENTRAL_SUVR,,<class 'numpy.float64'>,None,"2.363, 0.796",1451.0,65.0,pop not found,keep,,,,
,UCBERKELEY_TAUPVC_6MM,,,CTX_PARACENTRAL_VOLUME,,<class 'numpy.float64'>,None,"10986.0, 4734.0",1451.0,65.0,pop not found,keep,,,,
,UCBERKELEY_TAUPVC_6MM,,,CTX_PARAHIPPOCAMPAL_SUVR,,<class 'numpy.float64'>,None,"2.278, 0.784",1451.0,65.0,pop not found,keep,,,,
,UCBERKELEY_TAUPVC_6MM,,,CTX_PARSOPERCULARIS_SUVR,,<class 'numpy.float64'>,None,"3.589, 0.752",1451.0,65.0,pop not found,keep,,,,
,UCBERKELEY_TAUPVC_6MM,,,CTX_PARSOPERCULARIS_VOLUME,,<class 'numpy.float64'>,None,"12836.0, 4801.0",1451.0,65.0,pop not found,keep,,,,
,UCBERKELEY_TAUPVC_6MM,,,CTX_PARSORBITALIS_SUVR,,<class 'numpy.float64'>,None,"3.85, 0.811",1451.0,65.0,pop not found,keep,,,,
,UCBERKELEY_TAUPVC_6MM,,,CTX_PARSORBITALIS_VOLUME,,<class 'numpy.float64'>,None,"6892.0, 2452.0",1451.0,65.0,pop not found,keep,,,,
,UCBERKELEY_TAUPVC_6MM,,,CTX_PARSTRIANGULARIS_SUVR,,<class 'numpy.float64'>,None,"3.512, 0.759",1451.0,65.0,pop not found,keep,,,,
,UCBERKELEY_TAUPVC_6MM,,,CTX_PARSTRIANGULARIS_VOLUME,,<class 'numpy.float64'>,None,"11719.0, 4865.0",1451.0,65.0,pop not found,keep,,,,
,UCBERKELEY_TAUPVC_6MM,,,CTX_PERICALCARINE_SUVR,,<class 'numpy.float64'>,None,"2.915, 0.842",1451.0,65.0,pop not found,keep,,,,
,UCBERKELEY_TAUPVC_6MM,,,CTX_PERICALCARINE_VOLUME,,<class 'numpy.float64'>,None,"7856.0, 2165.0",1451.0,65.0,pop not found,keep,,,,
,UCBERKELEY_TAUPVC_6MM,,,CTX_POSTCENTRAL_SUVR,,<class 'numpy.float64'>,None,"2.411, 0.706",1451.0,65.0,pop not found,keep,,,,
,UCBERKELEY_TAUPVC_6MM,,,CTX_POSTCENTRAL_VOLUME,,<class 'numpy.float64'>,None,"25695.0, 10756.0",1451.0,65.0,pop not found,keep,,,,
,UCBERKELEY_TAUPVC_6MM,,,CTX_POSTERIORCINGULATE_SUVR,,<class 'numpy.float64'>,None,"3.46, 0.812",1451.0,65.0,pop not found,keep,,,,
,UCBERKELEY_TAUPVC_6MM,,,CTX_POSTERIORCINGULATE_VOLUME,,<class 'numpy.float64'>,None,"11535.0, 2054.0",1451.0,65.0,pop not found,keep,,,,
,UCBERKELEY_TAUPVC_6MM,,,CTX_PRECENTRAL_SUVR,,<class 'numpy.float64'>,None,"2.023, 0.729",1451.0,65.0,pop not found,keep,,,,
,UCBERKELEY_TAUPVC_6MM,,,CTX_PRECENTRAL_VOLUME,,<class 'numpy.float64'>,None,"37386.0, 13766.0",1451.0,65.0,pop not found,keep,,,,
,UCBERKELEY_TAUPVC_6MM,,,CTX_PRECUNEUS_SUVR,,<class 'numpy.float64'>,None,"4.037, 0.875",1451.0,65.0,pop not found,keep,,,,
,UCBERKELEY_TAUPVC_6MM,,,CTX_ROSTRALANTERIORCINGULATE_SUVR,,<class 'numpy.float64'>,None,"1.955, 0.738",1451.0,65.0,pop not found,keep,,,,
,UCBERKELEY_TAUPVC_6MM,,,CTX_ROSTRALANTERIORCINGULATE_VOLUME,,<class 'numpy.float64'>,None,"7474.0, 1558.0",1451.0,65.0,pop not found,keep,,,,
,UCBERKELEY_TAUPVC_6MM,,,CTX_ROSTRALMIDDLEFRONTAL_SUVR,,<class 'numpy.float64'>,None,"4.571, 0.685",1451.0,65.0,pop not found,keep,,,,
,UCBERKELEY_TAUPVC_6MM,,,CTX_ROSTRALMIDDLEFRONTAL_VOLUME,,<class 'numpy.float64'>,None,"50046.0, 16316.0",1451.0,65.0,pop not found,keep,,,,
,UCBERKELEY_TAUPVC_6MM,,,CTX_SUPERIORFRONTAL_SUVR,,<class 'numpy.float64'>,None,"3.007, 0.707",1451.0,65.0,pop not found,keep,,,,
,UCBERKELEY_TAUPVC_6MM,,,CTX_SUPERIORFRONTAL_VOLUME,,<class 'numpy.float64'>,None,"57959.0, 25550.0",1451.0,65.0,pop not found,keep,,,,
,UCBERKELEY_TAUPVC_6MM,,,CTX_SUPERIORPARIETAL_SUVR,,<class 'numpy.float64'>,None,"4.043, 0.768",1451.0,65.0,pop not found,keep,,,,
,UCBERKELEY_TAUPVC_6MM,,,CTX_SUPERIORPARIETAL_VOLUME,,<class 'numpy.float64'>,None,"37095.0, 14825.0",1451.0,65.0,pop not found,keep,,,,
,UCBERKELEY_TAUPVC_6MM,,,CTX_SUPERIORTEMPORAL_SUVR,,<class 'numpy.float64'>,None,"2.795, 0.818",1451.0,65.0,pop not found,keep,,,,
,UCBERKELEY_TAUPVC_6MM,,,CTX_SUPERIORTEMPORAL_VOLUME,,<class 'numpy.float64'>,None,"30202.0, 12461.0",1451.0,65.0,pop not found,keep,,,,
,UCBERKELEY_TAUPVC_6MM,,,CTX_SUPRAMARGINAL_SUVR,,<class 'numpy.float64'>,None,"3.539, 0.779",1451.0,65.0,pop not found,keep,,,,
,UCBERKELEY_TAUPVC_6MM,,,CTX_SUPRAMARGINAL_VOLUME,,<class 'numpy.float64'>,None,"29072.0, 10961.0",1451.0,65.0,pop not found,keep,,,,
,UCBERKELEY_TAUPVC_6MM,,,CTX_TEMPORALPOLE_SUVR,,<class 'numpy.float64'>,None,"2.35, 0.811",1451.0,65.0,pop not found,keep,,,,
,UCBERKELEY_TAUPVC_6MM,,,CTX_TEMPORALPOLE_VOLUME,,<class 'numpy.float64'>,None,"9644.0, 2433.0",1451.0,65.0,pop not found,keep,,,,
,UCBERKELEY_TAUPVC_6MM,,,CTX_TRANSVERSETEMPORAL_SUVR,,<class 'numpy.float64'>,None,"2.347, 0.7",1451.0,65.0,pop not found,keep,,,,
,UCBERKELEY_TAUPVC_6MM,,,CTX_TRANSVERSETEMPORAL_VOLUME,,<class 'numpy.float64'>,None,"3541.0, 1147.0",1451.0,65.0,pop not found,keep,,,,
,UCBERKELEY_TAUPVC_6MM,,,ACCUMBENS_AREA_SUVR,,<class 'numpy.float64'>,None,"2.159, 0.631",1451.0,65.0,pop not found,keep,,,,
,UCBERKELEY_TAUPVC_6MM,,,ACCUMBENS_AREA_VOLUME,,<class 'numpy.float64'>,None,"1636.0, 300.0",1451.0,65.0,pop not found,keep,,,,
,UCBERKELEY_TAUPVC_6MM,,,AMYGDALA_SUVR,,<class 'numpy.float64'>,None,"2.537, 0.729",1451.0,65.0,pop not found,keep,,,,
,UCBERKELEY_TAUPVC_6MM,,,AMYGDALA_VOLUME,,<class 'numpy.float64'>,None,"4530.0, 980.0",1451.0,65.0,pop not found,keep,,,,
,UCBERKELEY_TAUPVC_6MM,,,CAUDATE_SUVR,,<class 'numpy.float64'>,None,"1.621, 0.446",1451.0,65.0,pop not found,keep,,,,
,UCBERKELEY_TAUPVC_6MM,,,CAUDATE_VOLUME,,<class 'numpy.float64'>,None,"12321.0, 4068.0",1451.0,65.0,pop not found,keep,,,,
,UCBERKELEY_TAUPVC_6MM,,,CEREBELLUM_CORTEX_SUVR,,<class 'numpy.float64'>,None,"1.171, 0.947",1451.0,65.0,pop not found,keep,,,,
,UCBERKELEY_TAUPVC_6MM,,,CEREBELLUM_CORTEX_VOLUME,,<class 'numpy.float64'>,None,"131223.0, 72344.0",1451.0,65.0,pop not found,keep,,,,
,UCBERKELEY_TAUPVC_6MM,,,CEREBELLUM_WHITE_MATTER_SUVR,,<class 'numpy.float64'>,None,"1.485, 0.773",1451.0,65.0,pop not found,keep,,,,
,UCBERKELEY_TAUPVC_6MM,,,CEREBELLUM_WHITE_MATTER_VOLUME,,<class 'numpy.float64'>,None,"37894.0, 13671.0",1451.0,65.0,pop not found,keep,,,,
,UCBERKELEY_TAUPVC_6MM,,,CEREBRAL_WHITE_MATTER_SUVR,,<class 'numpy.float64'>,None,"2.576, 0.801",1451.0,65.0,pop not found,keep,,,,
,UCBERKELEY_TAUPVC_6MM,,,CEREBRAL_WHITE_MATTER_VOLUME,,<class 'numpy.float64'>,None,"578367.0, 224785.0",1451.0,65.0,pop not found,keep,,,,
,UCBERKELEY_TAUPVC_6MM,,,CHOROID_PLEXUS_SUVR,,<class 'numpy.float64'>,None,"3.465, 0.615",1451.0,65.0,pop not found,keep,,,,
,UCBERKELEY_TAUPVC_6MM,,,CHOROID_PLEXUS_VOLUME,,<class 'numpy.float64'>,None,"3400.0, 620.0",1451.0,65.0,pop not found,keep,,,,
,UCBERKELEY_TAUPVC_6MM,,,HIPPOCAMPUS_SUVR,,<class 'numpy.float64'>,None,"2.015, 0.827",1451.0,65.0,pop not found,keep,,,,
,UCBERKELEY_TAUPVC_6MM,,,HIPPOCAMPUS_VOLUME,,<class 'numpy.float64'>,None,"11049.0, 3255.0",1451.0,65.0,pop not found,keep,,,,
,UCBERKELEY_TAUPVC_6MM,,,OPTIC_CHIASM_SUVR,,<class 'numpy.float64'>,None,"1.953, 0.406",1451.0,65.0,pop not found,keep,,,,
,UCBERKELEY_TAUPVC_6MM,,,OPTIC_CHIASM_VOLUME,,<class 'numpy.float64'>,None,"333.0, 51.0",1451.0,65.0,pop not found,keep,,,,
,UCBERKELEY_TAUPVC_6MM,,,INF_LAT_VENT_SUVR,,<class 'numpy.float64'>,None,"2.141, 0.518",1451.0,65.0,pop not found,keep,,,,
,UCBERKELEY_TAUPVC_6MM,,,INF_LAT_VENT_VOLUME,,<class 'numpy.float64'>,None,"16102.0, 164.0",1451.0,65.0,pop not found,keep,,,,
,UCBERKELEY_TAUPVC_6MM,,,LATERAL_VENTRICLE_SUVR,,<class 'numpy.float64'>,None,"1.368, 0.218",1451.0,65.0,pop not found,keep,,,,
,UCBERKELEY_TAUPVC_6MM,,,LATERAL_VENTRICLE_VOLUME,,<class 'numpy.float64'>,None,"129566.0, 6800.0",1451.0,65.0,pop not found,keep,,,,
,UCBERKELEY_TAUPVC_6MM,,,PALLIDUM_SUVR,,<class 'numpy.float64'>,None,"2.529, 0.783",1451.0,65.0,pop not found,keep,,,,
,UCBERKELEY_TAUPVC_6MM,,,PALLIDUM_VOLUME,,<class 'numpy.float64'>,None,"6324.0, 2454.0",1451.0,65.0,pop not found,keep,,,,
,UCBERKELEY_TAUPVC_6MM,,,PUTAMEN_SUVR,,<class 'numpy.float64'>,None,"2.258, 0.778",1451.0,65.0,pop not found,keep,,,,
,UCBERKELEY_TAUPVC_6MM,,,PUTAMEN_VOLUME,,<class 'numpy.float64'>,None,"13556.0, 4438.0",1449.0,67.0,pop not found,keep,,,,
,UCBERKELEY_TAUPVC_6MM,,,THALAMUS_PROPER_SUVR,,<class 'numpy.float64'>,None,"2.088, 0.714",1451.0,65.0,pop not found,keep,,,,
,UCBERKELEY_TAUPVC_6MM,,,THALAMUS_PROPER_VOLUME,,<class 'numpy.float64'>,None,"19663.0, 8557.0",1451.0,65.0,pop not found,keep,,,,
,UCBERKELEY_TAUPVC_6MM,,,VENTRALDC_SUVR,,<class 'numpy.float64'>,None,"1.833, 0.774",1451.0,65.0,pop not found,keep,,,,
,UCBERKELEY_TAUPVC_6MM,,,VENTRALDC_VOLUME,,<class 'numpy.float64'>,None,"10969.0, 4441.0",1451.0,65.0,pop not found,keep,,,,
,UCBERKELEY_TAUPVC_6MM,,,VESSEL_SUVR,,<class 'numpy.float64'>,None,"2.096, 0.948",1438.0,78.0,pop not found,keep,,,,
,UCBERKELEY_TAUPVC_6MM,,,VESSEL_VOLUME,,<class 'numpy.float64'>,None,"321.0, 1.0",1438.0,78.0,pop not found,keep,,,,
,UCBERKELEY_TAUPVC_6MM,,,CTX_LH_BANKSSTS_SUVR,,<class 'numpy.float64'>,None,"4.46, 0.84",1451.0,65.0,pop not found,keep,,,,
,UCBERKELEY_TAUPVC_6MM,,,CTX_LH_BANKSSTS_VOLUME,,<class 'numpy.float64'>,None,"3987.0, 779.0",1451.0,65.0,pop not found,keep,,,,
,UCBERKELEY_TAUPVC_6MM,,,CTX_LH_CAUDALANTERIORCINGULATE_SUVR,,<class 'numpy.float64'>,None,"2.007, 0.619",1451.0,65.0,pop not found,keep,,,,
,UCBERKELEY_TAUPVC_6MM,,,CTX_LH_CAUDALANTERIORCINGULATE_VOLUME,,<class 'numpy.float64'>,None,"4960.0, 352.0",1451.0,65.0,pop not found,keep,,,,
,UCBERKELEY_TAUPVC_6MM,,,CTX_LH_CAUDALMIDDLEFRONTAL_SUVR,,<class 'numpy.float64'>,None,"4.124, 0.7",1451.0,65.0,pop not found,keep,,,,
,UCBERKELEY_TAUPVC_6MM,,,CTX_LH_CAUDALMIDDLEFRONTAL_VOLUME,,<class 'numpy.float64'>,None,"12065.0, 2609.0",1451.0,65.0,pop not found,keep,,,,
,UCBERKELEY_TAUPVC_6MM,,,CTX_LH_CUNEUS_SUVR,,<class 'numpy.float64'>,None,"3.422, 0.862",1451.0,65.0,pop not found,keep,,,,
,UCBERKELEY_TAUPVC_6MM,,,CTX_LH_CUNEUS_VOLUME,,<class 'numpy.float64'>,None,"5051.0, 1741.0",1451.0,65.0,pop not found,keep,,,,
,UCBERKELEY_TAUPVC_6MM,,,CTX_LH_ENTORHINAL_SUVR,,<class 'numpy.float64'>,None,"2.334, 0.848",1451.0,65.0,pop not found,keep,,,,
,UCBERKELEY_TAUPVC_6MM,,,CTX_LH_ENTORHINAL_VOLUME,,<class 'numpy.float64'>,None,"3307.0, 291.0",1451.0,65.0,pop not found,keep,,,,
,UCBERKELEY_TAUPVC_6MM,,,CTX_LH_FRONTALPOLE_SUVR,,<class 'numpy.float64'>,None,"3.351, 0.58",1451.0,65.0,pop not found,keep,,,,
,UCBERKELEY_TAUPVC_6MM,,,CTX_LH_FRONTALPOLE_VOLUME,,<class 'numpy.float64'>,None,"1796.0, 508.0",1451.0,65.0,pop not found,keep,,,,
,UCBERKELEY_TAUPVC_6MM,,,CTX_LH_FUSIFORM_SUVR,,<class 'numpy.float64'>,None,"3.531, 0.91",1451.0,65.0,pop not found,keep,,,,
,UCBERKELEY_TAUPVC_6MM,,,CTX_LH_FUSIFORM_VOLUME,,<class 'numpy.float64'>,None,"13678.0, 3944.0",1451.0,65.0,pop not found,keep,,,,
,UCBERKELEY_TAUPVC_6MM,,,CTX_LH_INFERIORPARIETAL_SUVR,,<class 'numpy.float64'>,None,"4.489, 0.839",1451.0,65.0,pop not found,keep,,,,
,UCBERKELEY_TAUPVC_6MM,,,CTX_LH_INFERIORPARIETAL_VOLUME,,<class 'numpy.float64'>,None,"17756.0, 5861.0",1450.0,66.0,pop not found,keep,,,,
,UCBERKELEY_TAUPVC_6MM,,,CTX_LH_INFERIORTEMPORAL_SUVR,,<class 'numpy.float64'>,None,"4.2, 0.925",1451.0,65.0,pop not found,keep,,,,
,UCBERKELEY_TAUPVC_6MM,,,CTX_LH_INFERIORTEMPORAL_VOLUME,,<class 'numpy.float64'>,None,"15573.0, 4547.0",1449.0,67.0,pop not found,keep,,,,
,UCBERKELEY_TAUPVC_6MM,,,CTX_LH_INSULA_SUVR,,<class 'numpy.float64'>,None,"2.106, 0.765",1451.0,65.0,pop not found,keep,,,,
,UCBERKELEY_TAUPVC_6MM,,,CTX_LH_INSULA_VOLUME,,<class 'numpy.float64'>,None,"21138.0, 3825.0",1451.0,65.0,pop not found,keep,,,,
,UCBERKELEY_TAUPVC_6MM,,,CTX_LH_ISTHMUSCINGULATE_SUVR,,<class 'numpy.float64'>,None,"3.946, 0.814",1451.0,65.0,pop not found,keep,,,,
,UCBERKELEY_TAUPVC_6MM,,,CTX_LH_ISTHMUSCINGULATE_VOLUME,,<class 'numpy.float64'>,None,"6967.0, 1507.0",1451.0,65.0,pop not found,keep,,,,
,UCBERKELEY_TAUPVC_6MM,,,CTX_LH_LATERALOCCIPITAL_SUVR,,<class 'numpy.float64'>,None,"3.759, 0.835",1451.0,65.0,pop not found,keep,,,,
,UCBERKELEY_TAUPVC_6MM,,,CTX_LH_LATERALOCCIPITAL_VOLUME,,<class 'numpy.float64'>,None,"16234.0, 6196.0",1451.0,65.0,pop not found,keep,,,,
,UCBERKELEY_TAUPVC_6MM,,,CTX_LH_LATERALORBITOFRONTAL_SUVR,,<class 'numpy.float64'>,None,"3.759, 0.747",1451.0,65.0,pop not found,keep,,,,
,UCBERKELEY_TAUPVC_6MM,,,CTX_LH_LATERALORBITOFRONTAL_VOLUME,,<class 'numpy.float64'>,None,"11834.0, 3412.0",1451.0,65.0,pop not found,keep,,,,
,UCBERKELEY_TAUPVC_6MM,,,CTX_LH_LINGUAL_SUVR,,<class 'numpy.float64'>,None,"2.913, 0.872",1451.0,65.0,pop not found,keep,,,,
,UCBERKELEY_TAUPVC_6MM,,,CTX_LH_LINGUAL_VOLUME,,<class 'numpy.float64'>,None,"11629.0, 3980.0",1451.0,65.0,pop not found,keep,,,,
,UCBERKELEY_TAUPVC_6MM,,,CTX_LH_MEDIALORBITOFRONTAL_SUVR,,<class 'numpy.float64'>,None,"2.774, 0.762",1451.0,65.0,pop not found,keep,,,,
,UCBERKELEY_TAUPVC_6MM,,,CTX_LH_MEDIALORBITOFRONTAL_VOLUME,,<class 'numpy.float64'>,None,"7019.0, 3183.0",1451.0,65.0,pop not found,keep,,,,
,UCBERKELEY_TAUPVC_6MM,,,CTX_LH_MIDDLETEMPORAL_SUVR,,<class 'numpy.float64'>,None,"4.237, 0.898",1451.0,65.0,pop not found,keep,,,,
,UCBERKELEY_TAUPVC_6MM,,,CTX_LH_MIDDLETEMPORAL_VOLUME,,<class 'numpy.float64'>,None,"14767.0, 4874.0",1450.0,66.0,pop not found,keep,,,,
,UCBERKELEY_TAUPVC_6MM,,,CTX_LH_PARACENTRAL_SUVR,,<class 'numpy.float64'>,None,"2.038, 0.753",1451.0,65.0,pop not found,keep,,,,
,UCBERKELEY_TAUPVC_6MM,,,CTX_LH_PARACENTRAL_VOLUME,,<class 'numpy.float64'>,None,"7180.0, 2046.0",1451.0,65.0,pop not found,keep,,,,
,UCBERKELEY_TAUPVC_6MM,,,CTX_LH_PARAHIPPOCAMPAL_SUVR,,<class 'numpy.float64'>,None,"2.409, 0.806",1451.0,65.0,pop not found,keep,,,,
,UCBERKELEY_TAUPVC_6MM,,,CTX_LH_PARAHIPPOCAMPAL_VOLUME,,<class 'numpy.float64'>,None,"3643.0, 938.0",1451.0,65.0,pop not found,keep,,,,
,UCBERKELEY_TAUPVC_6MM,,,CTX_LH_PARSOPERCULARIS_SUVR,,<class 'numpy.float64'>,None,"3.525, 0.743",1451.0,65.0,pop not found,keep,,,,
,UCBERKELEY_TAUPVC_6MM,,,CTX_LH_PARSOPERCULARIS_VOLUME,,<class 'numpy.float64'>,None,"7630.0, 2451.0",1451.0,65.0,pop not found,keep,,,,
,UCBERKELEY_TAUPVC_6MM,,,CTX_LH_PARSORBITALIS_SUVR,,<class 'numpy.float64'>,None,"4.214, 0.781",1451.0,65.0,pop not found,keep,,,,
,UCBERKELEY_TAUPVC_6MM,,,CTX_LH_PARSORBITALIS_VOLUME,,<class 'numpy.float64'>,None,"3294.0, 438.0",1451.0,65.0,pop not found,keep,,,,
,UCBERKELEY_TAUPVC_6MM,,,CTX_LH_PARSTRIANGULARIS_SUVR,,<class 'numpy.float64'>,None,"3.546, 0.727",1451.0,65.0,pop not found,keep,,,,
,UCBERKELEY_TAUPVC_6MM,,,CTX_LH_PARSTRIANGULARIS_VOLUME,,<class 'numpy.float64'>,None,"5341.0, 1834.0",1451.0,65.0,pop not found,keep,,,,
,UCBERKELEY_TAUPVC_6MM,,,CTX_LH_PERICALCARINE_SUVR,,<class 'numpy.float64'>,None,"2.703, 0.837",1451.0,65.0,pop not found,keep,,,,
,UCBERKELEY_TAUPVC_6MM,,,CTX_LH_PERICALCARINE_VOLUME,,<class 'numpy.float64'>,None,"4678.0, 988.0",1451.0,65.0,pop not found,keep,,,,
,UCBERKELEY_TAUPVC_6MM,,,CTX_LH_POSTCENTRAL_SUVR,,<class 'numpy.float64'>,None,"2.335, 0.705",1451.0,65.0,pop not found,keep,,,,
,UCBERKELEY_TAUPVC_6MM,,,CTX_LH_POSTCENTRAL_VOLUME,,<class 'numpy.float64'>,None,"13889.0, 5475.0",1451.0,65.0,pop not found,keep,,,,
,UCBERKELEY_TAUPVC_6MM,,,CTX_LH_POSTERIORCINGULATE_SUVR,,<class 'numpy.float64'>,None,"3.512, 0.762",1451.0,65.0,pop not found,keep,,,,
,UCBERKELEY_TAUPVC_6MM,,,CTX_LH_POSTERIORCINGULATE_VOLUME,,<class 'numpy.float64'>,None,"8715.0, 990.0",1451.0,65.0,pop not found,keep,,,,
,UCBERKELEY_TAUPVC_6MM,,,CTX_LH_PRECENTRAL_SUVR,,<class 'numpy.float64'>,None,"2.202, 0.72",1451.0,65.0,pop not found,keep,,,,
,UCBERKELEY_TAUPVC_6MM,,,CTX_LH_PRECENTRAL_VOLUME,,<class 'numpy.float64'>,None,"25709.0, 6606.0",1451.0,65.0,pop not found,keep,,,,
,UCBERKELEY_TAUPVC_6MM,,,CTX_LH_PRECUNEUS_SUVR,,<class 'numpy.float64'>,None,"4.285, 0.878",1451.0,65.0,pop not found,keep,,,,
,UCBERKELEY_TAUPVC_6MM,,,CTX_LH_PRECUNEUS_VOLUME,,<class 'numpy.float64'>,None,"17038.0, 4821.0",1451.0,65.0,pop not found,keep,,,,
,UCBERKELEY_TAUPVC_6MM,,,CTX_LH_ROSTRALANTERIORCINGULATE_SUVR,,<class 'numpy.float64'>,None,"1.936, 0.732",1451.0,65.0,pop not found,keep,,,,
,UCBERKELEY_TAUPVC_6MM,,,CTX_LH_ROSTRALANTERIORCINGULATE_VOLUME,,<class 'numpy.float64'>,None,"5073.0, 776.0",1451.0,65.0,pop not found,keep,,,,
,UCBERKELEY_TAUPVC_6MM,,,CTX_LH_ROSTRALMIDDLEFRONTAL_SUVR,,<class 'numpy.float64'>,None,"4.723, 0.676",1451.0,65.0,pop not found,keep,,,,
,UCBERKELEY_TAUPVC_6MM,,,CTX_LH_ROSTRALMIDDLEFRONTAL_VOLUME,,<class 'numpy.float64'>,None,"23211.0, 6861.0",1451.0,65.0,pop not found,keep,,,,
,UCBERKELEY_TAUPVC_6MM,,,CTX_LH_SUPERIORFRONTAL_SUVR,,<class 'numpy.float64'>,None,"3.231, 0.728",1451.0,65.0,pop not found,keep,,,,
,UCBERKELEY_TAUPVC_6MM,,,CTX_LH_SUPERIORFRONTAL_VOLUME,,<class 'numpy.float64'>,None,"39158.0, 13132.0",1451.0,65.0,pop not found,keep,,,,
,UCBERKELEY_TAUPVC_6MM,,,CTX_LH_SUPERIORPARIETAL_SUVR,,<class 'numpy.float64'>,None,"4.091, 0.783",1451.0,65.0,pop not found,keep,,,,
,UCBERKELEY_TAUPVC_6MM,,,CTX_LH_SUPERIORPARIETAL_VOLUME,,<class 'numpy.float64'>,None,"23420.0, 7205.0",1451.0,65.0,pop not found,keep,,,,
,UCBERKELEY_TAUPVC_6MM,,,CTX_LH_SUPERIORTEMPORAL_SUVR,,<class 'numpy.float64'>,None,"3.024, 0.816",1451.0,65.0,pop not found,keep,,,,
,UCBERKELEY_TAUPVC_6MM,,,CTX_LH_SUPERIORTEMPORAL_VOLUME,,<class 'numpy.float64'>,None,"16418.0, 5891.0",1451.0,65.0,pop not found,keep,,,,
,UCBERKELEY_TAUPVC_6MM,,,CTX_LH_SUPRAMARGINAL_SUVR,,<class 'numpy.float64'>,None,"3.696, 0.788",1451.0,65.0,pop not found,keep,,,,
,UCBERKELEY_TAUPVC_6MM,,,CTX_LH_SUPRAMARGINAL_VOLUME,,<class 'numpy.float64'>,None,"17431.0, 5543.0",1450.0,66.0,pop not found,keep,,,,
,UCBERKELEY_TAUPVC_6MM,,,CTX_LH_TEMPORALPOLE_SUVR,,<class 'numpy.float64'>,None,"2.828, 0.796",1451.0,65.0,pop not found,keep,,,,
,UCBERKELEY_TAUPVC_6MM,,,CTX_LH_TEMPORALPOLE_VOLUME,,<class 'numpy.float64'>,None,"5851.0, 726.0",1451.0,65.0,pop not found,keep,,,,
,UCBERKELEY_TAUPVC_6MM,,,CTX_LH_TRANSVERSETEMPORAL_SUVR,,<class 'numpy.float64'>,None,"2.81, 0.709",1451.0,65.0,pop not found,keep,,,,
,UCBERKELEY_TAUPVC_6MM,,,CTX_LH_TRANSVERSETEMPORAL_VOLUME,,<class 'numpy.float64'>,None,"2249.0, 620.0",1451.0,65.0,pop not found,keep,,,,
,UCBERKELEY_TAUPVC_6MM,,,CTX_RH_BANKSSTS_SUVR,,<class 'numpy.float64'>,None,"4.524, 0.849",1451.0,65.0,pop not found,keep,,,,
,UCBERKELEY_TAUPVC_6MM,,,CTX_RH_BANKSSTS_VOLUME,,<class 'numpy.float64'>,None,"3247.0, 952.0",1451.0,65.0,pop not found,keep,,,,
,UCBERKELEY_TAUPVC_6MM,,,CTX_RH_CAUDALANTERIORCINGULATE_SUVR,,<class 'numpy.float64'>,None,"1.881, 0.569",1451.0,65.0,pop not found,keep,,,,
,UCBERKELEY_TAUPVC_6MM,,,CTX_RH_CAUDALANTERIORCINGULATE_VOLUME,,<class 'numpy.float64'>,None,"3667.0, 368.0",1451.0,65.0,pop not found,keep,,,,
,UCBERKELEY_TAUPVC_6MM,,,CTX_RH_CAUDALMIDDLEFRONTAL_SUVR,,<class 'numpy.float64'>,None,"3.7, 0.704",1451.0,65.0,pop not found,keep,,,,
,UCBERKELEY_TAUPVC_6MM,,,CTX_RH_CAUDALMIDDLEFRONTAL_VOLUME,,<class 'numpy.float64'>,None,"9461.0, 2379.0",1451.0,65.0,pop not found,keep,,,,
,UCBERKELEY_TAUPVC_6MM,,,CTX_RH_CUNEUS_SUVR,,<class 'numpy.float64'>,None,"4.092, 0.821",1451.0,65.0,pop not found,keep,,,,
,UCBERKELEY_TAUPVC_6MM,,,CTX_RH_CUNEUS_VOLUME,,<class 'numpy.float64'>,None,"6165.0, 1556.0",1451.0,65.0,pop not found,keep,,,,
,UCBERKELEY_TAUPVC_6MM,,,CTX_RH_ENTORHINAL_SUVR,,<class 'numpy.float64'>,None,"2.391, 0.824",1451.0,65.0,pop not found,keep,,,,
,UCBERKELEY_TAUPVC_6MM,,,CTX_RH_ENTORHINAL_VOLUME,,<class 'numpy.float64'>,None,"3452.0, 411.0",1451.0,65.0,pop not found,keep,,,,
,UCBERKELEY_TAUPVC_6MM,,,CTX_RH_FRONTALPOLE_SUVR,,<class 'numpy.float64'>,None,"3.409, 0.535",1451.0,65.0,pop not found,keep,,,,
,UCBERKELEY_TAUPVC_6MM,,,CTX_RH_FRONTALPOLE_VOLUME,,<class 'numpy.float64'>,None,"2370.0, 381.0",1451.0,65.0,pop not found,keep,,,,
,UCBERKELEY_TAUPVC_6MM,,,CTX_RH_FUSIFORM_SUVR,,<class 'numpy.float64'>,None,"2.973, 0.873",1451.0,65.0,pop not found,keep,,,,
,UCBERKELEY_TAUPVC_6MM,,,CTX_RH_FUSIFORM_VOLUME,,<class 'numpy.float64'>,None,"13810.0, 4673.0",1450.0,66.0,pop not found,keep,,,,
,UCBERKELEY_TAUPVC_6MM,,,CTX_RH_INFERIORPARIETAL_SUVR,,<class 'numpy.float64'>,None,"4.303, 0.861",1451.0,65.0,pop not found,keep,,,,
,UCBERKELEY_TAUPVC_6MM,,,CTX_RH_INFERIORPARIETAL_VOLUME,,<class 'numpy.float64'>,None,"21817.0, 6351.0",1451.0,65.0,pop not found,keep,,,,
,UCBERKELEY_TAUPVC_6MM,,,CTX_RH_INFERIORTEMPORAL_SUVR,,<class 'numpy.float64'>,None,"3.534, 0.915",1451.0,65.0,pop not found,keep,,,,
,UCBERKELEY_TAUPVC_6MM,,,CTX_RH_INFERIORTEMPORAL_VOLUME,,<class 'numpy.float64'>,None,"15738.0, 5168.0",1450.0,66.0,pop not found,keep,,,,
,UCBERKELEY_TAUPVC_6MM,,,CTX_RH_INSULA_SUVR,,<class 'numpy.float64'>,None,"1.855, 0.76",1451.0,65.0,pop not found,keep,,,,
,UCBERKELEY_TAUPVC_6MM,,,CTX_RH_INSULA_VOLUME,,<class 'numpy.float64'>,None,"9212.0, 3635.0",1451.0,65.0,pop not found,keep,,,,
,UCBERKELEY_TAUPVC_6MM,,,CTX_RH_ISTHMUSCINGULATE_SUVR,,<class 'numpy.float64'>,None,"3.835, 0.834",1451.0,65.0,pop not found,keep,,,,
,UCBERKELEY_TAUPVC_6MM,,,CTX_RH_ISTHMUSCINGULATE_VOLUME,,<class 'numpy.float64'>,None,"3770.0, 948.0",1451.0,65.0,pop not found,keep,,,,
,UCBERKELEY_TAUPVC_6MM,,,CTX_RH_LATERALOCCIPITAL_SUVR,,<class 'numpy.float64'>,None,"3.922, 0.842",1451.0,65.0,pop not found,keep,,,,
,UCBERKELEY_TAUPVC_6MM,,,CTX_RH_LATERALOCCIPITAL_VOLUME,,<class 'numpy.float64'>,None,"18366.0, 5576.0",1451.0,65.0,pop not found,keep,,,,
,UCBERKELEY_TAUPVC_6MM,,,CTX_RH_LATERALORBITOFRONTAL_SUVR,,<class 'numpy.float64'>,None,"3.074, 0.77",1451.0,65.0,pop not found,keep,,,,
,UCBERKELEY_TAUPVC_6MM,,,CTX_RH_LATERALORBITOFRONTAL_VOLUME,,<class 'numpy.float64'>,None,"9287.0, 4176.0",1451.0,65.0,pop not found,keep,,,,
,UCBERKELEY_TAUPVC_6MM,,,CTX_RH_LINGUAL_SUVR,,<class 'numpy.float64'>,None,"3.03, 0.866",1451.0,65.0,pop not found,keep,,,,
,UCBERKELEY_TAUPVC_6MM,,,CTX_RH_LINGUAL_VOLUME,,<class 'numpy.float64'>,None,"10478.0, 3485.0",1451.0,65.0,pop not found,keep,,,,
,UCBERKELEY_TAUPVC_6MM,,,CTX_RH_MEDIALORBITOFRONTAL_SUVR,,<class 'numpy.float64'>,None,"2.623, 0.745",1451.0,65.0,pop not found,keep,,,,
,UCBERKELEY_TAUPVC_6MM,,,CTX_RH_MEDIALORBITOFRONTAL_VOLUME,,<class 'numpy.float64'>,None,"7241.0, 3216.0",1451.0,65.0,pop not found,keep,,,,
,UCBERKELEY_TAUPVC_6MM,,,CTX_RH_MIDDLETEMPORAL_SUVR,,<class 'numpy.float64'>,None,"3.786, 0.904",1451.0,65.0,pop not found,keep,,,,
,UCBERKELEY_TAUPVC_6MM,,,CTX_RH_MIDDLETEMPORAL_VOLUME,,<class 'numpy.float64'>,None,"16918.0, 6392.0",1451.0,65.0,pop not found,keep,,,,
,UCBERKELEY_TAUPVC_6MM,,,CTX_RH_PARACENTRAL_SUVR,,<class 'numpy.float64'>,None,"2.749, 0.757",1451.0,65.0,pop not found,keep,,,,
,UCBERKELEY_TAUPVC_6MM,,,CTX_RH_PARACENTRAL_VOLUME,,<class 'numpy.float64'>,None,"5526.0, 2261.0",1451.0,65.0,pop not found,keep,,,,
,UCBERKELEY_TAUPVC_6MM,,,CTX_RH_PARAHIPPOCAMPAL_SUVR,,<class 'numpy.float64'>,None,"2.313, 0.698",1451.0,65.0,pop not found,keep,,,,
,UCBERKELEY_TAUPVC_6MM,,,CTX_RH_PARAHIPPOCAMPAL_VOLUME,,<class 'numpy.float64'>,None,"2783.0, 1096.0",1451.0,65.0,pop not found,keep,,,,
,UCBERKELEY_TAUPVC_6MM,,,CTX_RH_PARSOPERCULARIS_SUVR,,<class 'numpy.float64'>,None,"3.672, 0.763",1451.0,65.0,pop not found,keep,,,,
,UCBERKELEY_TAUPVC_6MM,,,CTX_RH_PARSOPERCULARIS_VOLUME,,<class 'numpy.float64'>,None,"7542.0, 2148.0",1451.0,65.0,pop not found,keep,,,,
,UCBERKELEY_TAUPVC_6MM,,,CTX_RH_PARSORBITALIS_SUVR,,<class 'numpy.float64'>,None,"3.499, 0.792",1451.0,65.0,pop not found,keep,,,,
,UCBERKELEY_TAUPVC_6MM,,,CTX_RH_PARSORBITALIS_VOLUME,,<class 'numpy.float64'>,None,"4301.0, 1261.0",1451.0,65.0,pop not found,keep,,,,
,UCBERKELEY_TAUPVC_6MM,,,CTX_RH_PARSTRIANGULARIS_SUVR,,<class 'numpy.float64'>,None,"3.481, 0.755",1451.0,65.0,pop not found,keep,,,,
,UCBERKELEY_TAUPVC_6MM,,,CTX_RH_PARSTRIANGULARIS_VOLUME,,<class 'numpy.float64'>,None,"7512.0, 2368.0",1451.0,65.0,pop not found,keep,,,,
,UCBERKELEY_TAUPVC_6MM,,,CTX_RH_PERICALCARINE_SUVR,,<class 'numpy.float64'>,None,"3.092, 0.817",1451.0,65.0,pop not found,keep,,,,
,UCBERKELEY_TAUPVC_6MM,,,CTX_RH_PERICALCARINE_VOLUME,,<class 'numpy.float64'>,None,"4347.0, 1160.0",1451.0,65.0,pop not found,keep,,,,
,UCBERKELEY_TAUPVC_6MM,,,CTX_RH_POSTCENTRAL_SUVR,,<class 'numpy.float64'>,None,"2.677, 0.707",1451.0,65.0,pop not found,keep,,,,
,UCBERKELEY_TAUPVC_6MM,,,CTX_RH_POSTCENTRAL_VOLUME,,<class 'numpy.float64'>,None,"13254.0, 4677.0",1451.0,65.0,pop not found,keep,,,,
,UCBERKELEY_TAUPVC_6MM,,,CTX_RH_POSTERIORCINGULATE_SUVR,,<class 'numpy.float64'>,None,"3.412, 0.836",1451.0,65.0,pop not found,keep,,,,
,UCBERKELEY_TAUPVC_6MM,,,CTX_RH_POSTERIORCINGULATE_VOLUME,,<class 'numpy.float64'>,None,"4499.0, 1064.0",1451.0,65.0,pop not found,keep,,,,
,UCBERKELEY_TAUPVC_6MM,,,CTX_RH_PRECENTRAL_SUVR,,<class 'numpy.float64'>,None,"2.1, 0.737",1451.0,65.0,pop not found,keep,,,,
,UCBERKELEY_TAUPVC_6MM,,,CTX_RH_PRECENTRAL_VOLUME,,<class 'numpy.float64'>,None,"18058.0, 6369.0",1451.0,65.0,pop not found,keep,,,,
,UCBERKELEY_TAUPVC_6MM,,,CTX_RH_PRECUNEUS_SUVR,,<class 'numpy.float64'>,None,"3.817, 0.855",1451.0,65.0,pop not found,keep,,,,
,UCBERKELEY_TAUPVC_6MM,,,CTX_RH_PRECUNEUS_VOLUME,,<class 'numpy.float64'>,None,"13659.0, 5498.0",1451.0,65.0,pop not found,keep,,,,
,UCBERKELEY_TAUPVC_6MM,,,CTX_RH_ROSTRALANTERIORCINGULATE_SUVR,,<class 'numpy.float64'>,None,"1.976, 0.718",1451.0,65.0,pop not found,keep,,,,
,UCBERKELEY_TAUPVC_6MM,,,CTX_RH_ROSTRALANTERIORCINGULATE_VOLUME,,<class 'numpy.float64'>,None,"3308.0, 559.0",1451.0,65.0,pop not found,keep,,,,
,UCBERKELEY_TAUPVC_6MM,,,CTX_RH_ROSTRALMIDDLEFRONTAL_SUVR,,<class 'numpy.float64'>,None,"4.42, 0.693",1451.0,65.0,pop not found,keep,,,,
,UCBERKELEY_TAUPVC_6MM,,,CTX_RH_ROSTRALMIDDLEFRONTAL_VOLUME,,<class 'numpy.float64'>,None,"26835.0, 7884.0",1451.0,65.0,pop not found,keep,,,,
,UCBERKELEY_TAUPVC_6MM,,,CTX_RH_SUPERIORFRONTAL_SUVR,,<class 'numpy.float64'>,None,"2.784, 0.687",1451.0,65.0,pop not found,keep,,,,
,UCBERKELEY_TAUPVC_6MM,,,CTX_RH_SUPERIORFRONTAL_VOLUME,,<class 'numpy.float64'>,None,"28618.0, 10729.0",1451.0,65.0,pop not found,keep,,,,
,UCBERKELEY_TAUPVC_6MM,,,CTX_RH_SUPERIORPARIETAL_SUVR,,<class 'numpy.float64'>,None,"3.985, 0.748",1451.0,65.0,pop not found,keep,,,,
,UCBERKELEY_TAUPVC_6MM,,,CTX_RH_SUPERIORPARIETAL_VOLUME,,<class 'numpy.float64'>,None,"18993.0, 6246.0",1450.0,66.0,pop not found,keep,,,,
,UCBERKELEY_TAUPVC_6MM,,,CTX_RH_SUPERIORTEMPORAL_SUVR,,<class 'numpy.float64'>,None,"2.553, 0.809",1451.0,65.0,pop not found,keep,,,,
,UCBERKELEY_TAUPVC_6MM,,,CTX_RH_SUPERIORTEMPORAL_VOLUME,,<class 'numpy.float64'>,None,"14560.0, 5963.0",1451.0,65.0,pop not found,keep,,,,
,UCBERKELEY_TAUPVC_6MM,,,CTX_RH_SUPRAMARGINAL_SUVR,,<class 'numpy.float64'>,None,"3.381, 0.77",1451.0,65.0,pop not found,keep,,,,
,UCBERKELEY_TAUPVC_6MM,,,CTX_RH_SUPRAMARGINAL_VOLUME,,<class 'numpy.float64'>,None,"14074.0, 4622.0",1451.0,65.0,pop not found,keep,,,,
,UCBERKELEY_TAUPVC_6MM,,,CTX_RH_TEMPORALPOLE_SUVR,,<class 'numpy.float64'>,None,"2.338, 0.807",1451.0,65.0,pop not found,keep,,,,
,UCBERKELEY_TAUPVC_6MM,,,CTX_RH_TEMPORALPOLE_VOLUME,,<class 'numpy.float64'>,None,"4666.0, 878.0",1451.0,65.0,pop not found,keep,,,,
,UCBERKELEY_TAUPVC_6MM,,,CTX_RH_TRANSVERSETEMPORAL_SUVR,,<class 'numpy.float64'>,None,"1.94, 0.684",1451.0,65.0,pop not found,keep,,,,
,UCBERKELEY_TAUPVC_6MM,,,CTX_RH_TRANSVERSETEMPORAL_VOLUME,,<class 'numpy.float64'>,None,"1566.0, 461.0",1451.0,65.0,pop not found,keep,,,,
,UCBERKELEY_TAUPVC_6MM,,,LEFT_ACCUMBENS_AREA_SUVR,,<class 'numpy.float64'>,None,"2.312, 0.673",1451.0,65.0,pop not found,keep,,,,
,UCBERKELEY_TAUPVC_6MM,,,LEFT_ACCUMBENS_AREA_VOLUME,,<class 'numpy.float64'>,None,"821.0, 116.0",1451.0,65.0,pop not found,keep,,,,
,UCBERKELEY_TAUPVC_6MM,,,LEFT_AMYGDALA_SUVR,,<class 'numpy.float64'>,None,"2.602, 0.684",1451.0,65.0,pop not found,keep,,,,
,UCBERKELEY_TAUPVC_6MM,,,LEFT_AMYGDALA_VOLUME,,<class 'numpy.float64'>,None,"2468.0, 375.0",1451.0,65.0,pop not found,keep,,,,
,UCBERKELEY_TAUPVC_6MM,,,LEFT_CAUDATE_SUVR,,<class 'numpy.float64'>,None,"1.606, 0.457",1451.0,65.0,pop not found,keep,,,,
,UCBERKELEY_TAUPVC_6MM,,,LEFT_CAUDATE_VOLUME,,<class 'numpy.float64'>,None,"5745.0, 2065.0",1451.0,65.0,pop not found,keep,,,,
,UCBERKELEY_TAUPVC_6MM,,,LEFT_CEREBELLUM_CORTEX_SUVR,,<class 'numpy.float64'>,None,"1.18, 0.939",1451.0,65.0,pop not found,keep,,,,
,UCBERKELEY_TAUPVC_6MM,,,LEFT_CEREBELLUM_CORTEX_VOLUME,,<class 'numpy.float64'>,None,"66449.0, 36265.0",1451.0,65.0,pop not found,keep,,,,
,UCBERKELEY_TAUPVC_6MM,,,LEFT_CEREBELLUM_WHITE_MATTER_SUVR,,<class 'numpy.float64'>,None,"1.416, 0.756",1451.0,65.0,pop not found,keep,,,,
,UCBERKELEY_TAUPVC_6MM,,,LEFT_CEREBELLUM_WHITE_MATTER_VOLUME,,<class 'numpy.float64'>,None,"19946.0, 6892.0",1451.0,65.0,pop not found,keep,,,,
,UCBERKELEY_TAUPVC_6MM,,,LEFT_CEREBRAL_WHITE_MATTER_SUVR,,<class 'numpy.float64'>,None,"2.69, 0.796",1451.0,65.0,pop not found,keep,,,,
,UCBERKELEY_TAUPVC_6MM,,,LEFT_CEREBRAL_WHITE_MATTER_VOLUME,,<class 'numpy.float64'>,None,"288688.0, 30465.0",1451.0,65.0,pop not found,keep,,,,
,UCBERKELEY_TAUPVC_6MM,,,LEFT_CHOROID_PLEXUS_SUVR,,<class 'numpy.float64'>,None,"3.683, 0.5",1451.0,65.0,pop not found,keep,,,,
,UCBERKELEY_TAUPVC_6MM,,,LEFT_CHOROID_PLEXUS_VOLUME,,<class 'numpy.float64'>,None,"1916.0, 276.0",1451.0,65.0,pop not found,keep,,,,
,UCBERKELEY_TAUPVC_6MM,,,LEFT_HIPPOCAMPUS_SUVR,,<class 'numpy.float64'>,None,"2.028, 0.805",1451.0,65.0,pop not found,keep,,,,
,UCBERKELEY_TAUPVC_6MM,,,LEFT_HIPPOCAMPUS_VOLUME,,<class 'numpy.float64'>,None,"6080.0, 1314.0",1451.0,65.0,pop not found,keep,,,,
,UCBERKELEY_TAUPVC_6MM,,,LEFT_INF_LAT_VENT_SUVR,,<class 'numpy.float64'>,None,"2.237, 0.568",1451.0,65.0,pop not found,keep,,,,
,UCBERKELEY_TAUPVC_6MM,,,LEFT_INF_LAT_VENT_VOLUME,,<class 'numpy.float64'>,None,"11328.0, 53.0",1451.0,65.0,pop not found,keep,,,,
,UCBERKELEY_TAUPVC_6MM,,,LEFT_LATERAL_VENTRICLE_SUVR,,<class 'numpy.float64'>,None,"1.329, 0.214",1451.0,65.0,pop not found,keep,,,,
,UCBERKELEY_TAUPVC_6MM,,,LEFT_LATERAL_VENTRICLE_VOLUME,,<class 'numpy.float64'>,None,"79775.0, 3414.0",1451.0,65.0,pop not found,keep,,,,
,UCBERKELEY_TAUPVC_6MM,,,LEFT_PALLIDUM_SUVR,,<class 'numpy.float64'>,None,"2.591, 0.774",1451.0,65.0,pop not found,keep,,,,
,UCBERKELEY_TAUPVC_6MM,,,LEFT_PALLIDUM_VOLUME,,<class 'numpy.float64'>,None,"3117.0, 1090.0",1451.0,65.0,pop not found,keep,,,,
,UCBERKELEY_TAUPVC_6MM,,,LEFT_PUTAMEN_SUVR,,<class 'numpy.float64'>,None,"2.29, 0.791",1451.0,65.0,pop not found,keep,,,,
,UCBERKELEY_TAUPVC_6MM,,,LEFT_PUTAMEN_VOLUME,,<class 'numpy.float64'>,None,"6943.0, 1945.0",1451.0,65.0,pop not found,keep,,,,
,UCBERKELEY_TAUPVC_6MM,,,LEFT_THALAMUS_PROPER_SUVR,,<class 'numpy.float64'>,None,"2.057, 0.728",1451.0,65.0,pop not found,keep,,,,
,UCBERKELEY_TAUPVC_6MM,,,LEFT_THALAMUS_PROPER_VOLUME,,<class 'numpy.float64'>,None,"9616.0, 3953.0",1451.0,65.0,pop not found,keep,,,,
,UCBERKELEY_TAUPVC_6MM,,,LEFT_VENTRALDC_SUVR,,<class 'numpy.float64'>,None,"1.818, 0.76",1451.0,65.0,pop not found,keep,,,,
,UCBERKELEY_TAUPVC_6MM,,,LEFT_VENTRALDC_VOLUME,,<class 'numpy.float64'>,None,"5592.0, 2259.0",1451.0,65.0,pop not found,keep,,,,
,UCBERKELEY_TAUPVC_6MM,,,LEFT_VESSEL_SUVR,,<class 'numpy.float64'>,None,"2.173, 0.936",1413.0,103.0,pop not found,keep,,,,
,UCBERKELEY_TAUPVC_6MM,,,LEFT_VESSEL_VOLUME,,<class 'numpy.float64'>,None,"311.0, 1.0",1413.0,103.0,pop not found,keep,,,,
,UCBERKELEY_TAUPVC_6MM,,,RIGHT_ACCUMBENS_AREA_SUVR,,<class 'numpy.float64'>,None,"2.26, 0.587",1451.0,65.0,pop not found,keep,,,,
,UCBERKELEY_TAUPVC_6MM,,,RIGHT_ACCUMBENS_AREA_VOLUME,,<class 'numpy.float64'>,None,"815.0, 172.0",1451.0,65.0,pop not found,keep,,,,
,UCBERKELEY_TAUPVC_6MM,,,RIGHT_AMYGDALA_SUVR,,<class 'numpy.float64'>,None,"2.584, 0.772",1451.0,65.0,pop not found,keep,,,,
,UCBERKELEY_TAUPVC_6MM,,,RIGHT_AMYGDALA_VOLUME,,<class 'numpy.float64'>,None,"2380.0, 595.0",1451.0,65.0,pop not found,keep,,,,
,UCBERKELEY_TAUPVC_6MM,,,RIGHT_CAUDATE_SUVR,,<class 'numpy.float64'>,None,"1.665, 0.434",1451.0,65.0,pop not found,keep,,,,
,UCBERKELEY_TAUPVC_6MM,,,RIGHT_CAUDATE_VOLUME,,<class 'numpy.float64'>,None,"6880.0, 2003.0",1451.0,65.0,pop not found,keep,,,,
,UCBERKELEY_TAUPVC_6MM,,,RIGHT_CEREBELLUM_CORTEX_SUVR,,<class 'numpy.float64'>,None,"1.164, 0.954",1451.0,65.0,pop not found,keep,,,,
,UCBERKELEY_TAUPVC_6MM,,,RIGHT_CEREBELLUM_CORTEX_VOLUME,,<class 'numpy.float64'>,None,"67648.0, 36079.0",1451.0,65.0,pop not found,keep,,,,
,UCBERKELEY_TAUPVC_6MM,,,RIGHT_CEREBELLUM_WHITE_MATTER_SUVR,,<class 'numpy.float64'>,None,"1.559, 0.791",1451.0,65.0,pop not found,keep,,,,
,UCBERKELEY_TAUPVC_6MM,,,RIGHT_CEREBELLUM_WHITE_MATTER_VOLUME,,<class 'numpy.float64'>,None,"21449.0, 6779.0",1451.0,65.0,pop not found,keep,,,,
,UCBERKELEY_TAUPVC_6MM,,,RIGHT_CEREBRAL_WHITE_MATTER_SUVR,,<class 'numpy.float64'>,None,"2.462, 0.806",1451.0,65.0,pop not found,keep,,,,
,UCBERKELEY_TAUPVC_6MM,,,RIGHT_CEREBRAL_WHITE_MATTER_VOLUME,,<class 'numpy.float64'>,None,"290343.0, 129854.0",1451.0,65.0,pop not found,keep,,,,
,UCBERKELEY_TAUPVC_6MM,,,RIGHT_CHOROID_PLEXUS_SUVR,,<class 'numpy.float64'>,None,"3.39, 0.61",1451.0,65.0,pop not found,keep,,,,
,UCBERKELEY_TAUPVC_6MM,,,RIGHT_CHOROID_PLEXUS_VOLUME,,<class 'numpy.float64'>,None,"1753.0, 126.0",1451.0,65.0,pop not found,keep,,,,
,UCBERKELEY_TAUPVC_6MM,,,RIGHT_HIPPOCAMPUS_SUVR,,<class 'numpy.float64'>,None,"2.0, 0.755",1451.0,65.0,pop not found,keep,,,,
,UCBERKELEY_TAUPVC_6MM,,,RIGHT_HIPPOCAMPUS_VOLUME,,<class 'numpy.float64'>,None,"5758.0, 852.0",1451.0,65.0,pop not found,keep,,,,
,UCBERKELEY_TAUPVC_6MM,,,RIGHT_INF_LAT_VENT_SUVR,,<class 'numpy.float64'>,None,"2.206, 0.448",1451.0,65.0,pop not found,keep,,,,
,UCBERKELEY_TAUPVC_6MM,,,RIGHT_INF_LAT_VENT_VOLUME,,<class 'numpy.float64'>,None,"4987.0, 67.0",1451.0,65.0,pop not found,keep,,,,
,UCBERKELEY_TAUPVC_6MM,,,RIGHT_LATERAL_VENTRICLE_SUVR,,<class 'numpy.float64'>,None,"1.41, 0.221",1451.0,65.0,pop not found,keep,,,,
,UCBERKELEY_TAUPVC_6MM,,,RIGHT_LATERAL_VENTRICLE_VOLUME,,<class 'numpy.float64'>,None,"71992.0, 3386.0",1451.0,65.0,pop not found,keep,,,,
,UCBERKELEY_TAUPVC_6MM,,,RIGHT_PALLIDUM_SUVR,,<class 'numpy.float64'>,None,"2.491, 0.791",1451.0,65.0,pop not found,keep,,,,
,UCBERKELEY_TAUPVC_6MM,,,RIGHT_PALLIDUM_VOLUME,,<class 'numpy.float64'>,None,"3207.0, 688.0",1451.0,65.0,pop not found,keep,,,,
,UCBERKELEY_TAUPVC_6MM,,,RIGHT_PUTAMEN_SUVR,,<class 'numpy.float64'>,None,"2.253, 0.766",1451.0,65.0,pop not found,keep,,,,
,UCBERKELEY_TAUPVC_6MM,,,RIGHT_PUTAMEN_VOLUME,,<class 'numpy.float64'>,None,"7115.0, 2106.0",1451.0,65.0,pop not found,keep,,,,
,UCBERKELEY_TAUPVC_6MM,,,RIGHT_THALAMUS_PROPER_SUVR,,<class 'numpy.float64'>,None,"2.123, 0.7",1451.0,65.0,pop not found,keep,,,,
,UCBERKELEY_TAUPVC_6MM,,,RIGHT_THALAMUS_PROPER_VOLUME,,<class 'numpy.float64'>,None,"10375.0, 3522.0",1451.0,65.0,pop not found,keep,,,,
,UCBERKELEY_TAUPVC_6MM,,,RIGHT_VENTRALDC_SUVR,,<class 'numpy.float64'>,None,"1.847, 0.786",1451.0,65.0,pop not found,keep,,,,
,UCBERKELEY_TAUPVC_6MM,,,RIGHT_VENTRALDC_VOLUME,,<class 'numpy.float64'>,None,"5634.0, 1892.0",1451.0,65.0,pop not found,keep,,,,
,UCBERKELEY_TAUPVC_6MM,,,RIGHT_VESSEL_SUVR,,<class 'numpy.float64'>,None,"2.138, 0.979",1400.0,116.0,pop not found,keep,,,,
,UCBERKELEY_TAUPVC_6MM,,,RIGHT_VESSEL_VOLUME,,<class 'numpy.float64'>,None,"278.0, 1.0",1400.0,116.0,pop not found,keep,,,,
,UCBERKELEY_TAUPVC_6MM,,,Npositive,,<class 'numpy.float64'>,"0.0, nan","0.0, 0.0",1451.0,65.0,pop not found,keep,,,,
