file_name,file_code,parameter,orig_variable_code,variable_code,Unit,type_variable,classes,range,valid_values,missing_values,missing_pop,del,metadati_fattori,metadati_normalizzazione,Unnamed: 14,Unnamed: 15,subj_tot,subj_multiple_visits
,BAIPETNMRCFTP,Visit,EXAMDATE,EXAMDATE,,<class 'str'>,"2018-02-02, 2018-04-24, 2019-04-23, 2018-02-20, 2019-01-10",None,1157.0,0.0,"ADNI1, ADNIGO, ADNI4",keep,,,,,772.0,266.0
,BAIPETNMRCFTP,Amyloid,ENTORHINAL_SUVR,ENTORHINAL_SUVR,,<class 'numpy.float64'>,None,"2.4264, 0.7951",1157.0,0.0,"ADNI1, ADNIGO, ADNI4",keep,predittore,intervallo,,,772.0,266.0
,BAIPETNMRCFTP,Tau,TAU_METAROI,TAU_METAROI,,<class 'numpy.float64'>,None,"2.8179, 0.902",1157.0,0.0,"ADNI1, ADNIGO, ADNI4",keep,,intervallo,,,772.0,266.0
,BAIPETNMRCFTP,Amyloid,INFERIOR_TEMPORAL_SUVR,INFERIOR_TEMPORAL_SUVR,,<class 'numpy.float64'>,None,"2.6767, 0.9373",1157.0,0.0,"ADNI1, ADNIGO, ADNI4",keep,predittore,intervallo,,,772.0,266.0
,BAIPETNMRCFTP,ID,RID,RID,,<class 'numpy.int64'>,None,"6901.0, 21.0",1157.0,0.0,"ADNI1, ADNIGO, ADNI4",keep,,,,,772.0,266.0
,BAIPETNMRCFTP,Visit,VISCODE2,VISCODE,,<class 'str'>,"m144, m150, m162, m156, m168",None,1157.0,0.0,"ADNI1, ADNIGO, ADNI4",keep,,,,,772.0,266.0
,BAIPETNMRCFTP,Cohort,COLPROT,COHORT,,<class 'str'>,"ADNI3, ADNI2, nan",None,1152.0,5.0,"ADNI1, ADNIGO, ADNI4",keep,,,,,770.0,264.0
,BAIPETNMRCFTP,,,VISIT_MONTH,,<class 'numpy.int64'>,None,"67.0, 0.0",1157.0,0.0,"ADNI1, ADNIGO, ADNI4",keep,,,,,772.0,266.0
,BAIPETNMRCFTP,,,METHOD,,<class 'str'>,ftp,None,1157.0,0.0,"ADNI1, ADNIGO, ADNI4",keep,,,,,772.0,266.0
,BAIPETNMRCFTP,,,Tpositive,,<class 'numpy.int64'>,"0, 1","1.0, 0.0",1157.0,0.0,"ADNI1, ADNIGO, ADNI4",keep,,,,,772.0,266.0
,AMPRION_ASYN_SAA,ID,RID,RID,,<class 'numpy.int64'>,None,"7089.0, 3.0",1638.0,0.0,pop not found,keep,,,,,1638.0,0.0
,AMPRION_ASYN_SAA,Visit,EXAMDATE,EXAMDATE,,<class 'str'>,"2013-09-09, 2012-12-12, 2012-02-02, 2011-10-10, 2011-07-07",None,1638.0,0.0,pop not found,keep,,,,,1638.0,0.0
,AMPRION_ASYN_SAA,Visit,VISCODE2,VISCODE,,<class 'str'>,"bl, m12, m48, m30, m24",None,1638.0,0.0,pop not found,keep,,,,,1638.0,0.0
,AMPRION_ASYN_SAA,Test,Result,Amprion_Result,,<class 'str'>,"Detected-1, Not_Detected, Detected-2, Indeterminate",None,1638.0,0.0,pop not found,keep,predittore,binaria,,,1638.0,0.0
,AMPRION_ASYN_SAA,,,VISIT_MONTH,,<class 'numpy.int64'>,0,"0.0, 0.0",1638.0,0.0,pop not found,keep,,,,,1638.0,0.0
,AMPRION_ASYN_SAA,,,METHOD,,<class 'str'>,amprion,None,1638.0,0.0,pop not found,keep,,,,,1638.0,0.0
,AMPRION_ASYN_SAA,,,Npositive,,<class 'numpy.float64'>,"1.0, 0.0, nan","1.0, 0.0",1629.0,9.0,pop not found,keep,,,,,1629.0,0.0
,PLASMA_ABETA_PROJECT_ADX_VUMC,,RID,RID,,<class 'numpy.int64'>,None,"5263.0, 31.0",130.0,0.0,pop not found,keep,,,,,121.0,9.0
,PLASMA_ABETA_PROJECT_ADX_VUMC,,VISCODE2,VISCODE,,<class 'str'>,"m120, m132, m108, m72, m84, m60, m48, m24",None,130.0,0.0,pop not found,keep,,,,,121.0,9.0
,PLASMA_ABETA_PROJECT_ADX_VUMC,,EXAMDATE,EXAMDATE,,<class 'str'>,"2016-01-27, 2016-02-18, 2016-03-16, 2016-03-29, 2017-04-12",None,130.0,0.0,pop not found,keep,,,,,121.0,9.0
,PLASMA_ABETA_PROJECT_ADX_VUMC,,NF_LIGHT,NFL_PL,,<class 'numpy.float64'>,None,"114.3, 10.4",130.0,0.0,pop not found,keep,predittore,,,,121.0,9.0
,PLASMA_ABETA_PROJECT_ADX_VUMC,,ABETA42,AB42_PL,,<class 'numpy.float64'>,None,"12.2, 4.1",130.0,0.0,pop not found,keep,predittore,,,,121.0,9.0
,PLASMA_ABETA_PROJECT_ADX_VUMC,,ABETA40,AB40_PL,,<class 'numpy.float64'>,None,"333.1, 87.6",130.0,0.0,pop not found,keep,predittore,,,,121.0,9.0
,PLASMA_ABETA_PROJECT_ADX_VUMC,,GFAP,GFAP,,<class 'numpy.float64'>,None,"548.5, 41.5",130.0,0.0,pop not found,keep,predittore,,,,121.0,9.0
,PLASMA_ABETA_PROJECT_ADX_VUMC,,,VISIT_MONTH,,<class 'numpy.int64'>,"0, 13, 18, 16, 12, 10","18.0, 0.0",130.0,0.0,pop not found,keep,,,,,121.0,9.0
,PLASMA_ABETA_PROJECT_ADX_VUMC,,,METHOD,,<class 'str'>,simoa,None,130.0,0.0,pop not found,keep,,,,,121.0,9.0
,PLASMA_ABETA_PROJECT_ADX_VUMC,,,Apositive,,<class 'numpy.int64'>,1,"1.0, 1.0",130.0,0.0,pop not found,keep,,,,,121.0,9.0
,PLASMA_ABETA_PROJECT_ADX_VUMC,,,Npositive,,<class 'numpy.int64'>,"1, 0","1.0, 0.0",130.0,0.0,pop not found,keep,,,,,121.0,9.0
,FNIH_PLASMA_PTAU_PROJECT,Cohort,PROT,COHORT,,<class 'str'>,"ADNI1, ADNI2, ADNIGO",None,130.0,0.0,"ADNI3, ADNI4",keep,,,,,121.0,9.0
,FNIH_PLASMA_PTAU_PROJECT,,RID,RID,,<class 'numpy.int64'>,None,"5263.0, 31.0",130.0,0.0,"ADNI3, ADNI4",keep,,,,,121.0,9.0
,FNIH_PLASMA_PTAU_PROJECT,,VISCODE2,VISCODE,,<class 'str'>,"m120, m48, m60, m72, m126",None,130.0,0.0,"ADNI3, ADNI4",keep,,,,,121.0,9.0
,FNIH_PLASMA_PTAU_PROJECT,,EXAMDATE,EXAMDATE,,<class 'str'>,"2016-01-27, 2016-01-19, 2016-02-04, 2016-03-16, 2016-03-03",None,130.0,0.0,"ADNI3, ADNI4",keep,,,,,121.0,9.0
,FNIH_PLASMA_PTAU_PROJECT,,PTAU_181,PT181_PL,,<class 'numpy.float64'>,None,"98.6, 2.64",130.0,0.0,"ADNI3, ADNI4",keep,predittore,,,,121.0,9.0
,FNIH_PLASMA_PTAU_PROJECT,,,VISIT_MONTH,,<class 'numpy.int64'>,"0, 13, 12, 16, 10, 18","18.0, 0.0",130.0,0.0,"ADNI3, ADNI4",keep,,,,,121.0,9.0
,FNIH_PLASMA_PTAU_PROJECT,,,METHOD,,<class 'str'>,"simoa, lumipulse",None,130.0,0.0,"ADNI3, ADNI4",keep,,,,,121.0,9.0
,FNIH_PLASMA_PTAU_PROJECT,,,Tpositive,,<class 'numpy.int64'>,0,"0.0, 0.0",130.0,0.0,"ADNI3, ADNI4",keep,,,,,121.0,9.0
,CSFALPHASYN,,RID,RID,,<class 'numpy.int64'>,None,"1423.0, 3.0",389.0,0.0,pop not found,keep,,,,,389.0,0.0
,CSFALPHASYN,,EXAMDATE,EXAMDATE,,<class 'str'>,"2005-09-12, 2005-11-22, 2005-09-07, 2005-09-19, 2005-11-10",None,389.0,0.0,pop not found,keep,,,,,389.0,0.0
,CSFALPHASYN,,PROTOCOL,COHORT,,<class 'str'>,ADNI 1,None,389.0,0.0,pop not found,keep,,,,,389.0,0.0
,CSFALPHASYN,,ALPHA_SYN,ALPHA_SYN,luminex,<class 'numpy.float64'>,None,"12.24, 0.1",389.0,0.0,pop not found,keep,predittore,,,,389.0,0.0
,CSFALPHASYN,,,VISIT_MONTH,,<class 'numpy.int64'>,0,"0.0, 0.0",389.0,0.0,pop not found,keep,,,,,389.0,0.0
,CSFALPHASYN,,,METHOD,,<class 'str'>,luminex,None,389.0,0.0,pop not found,keep,,,,,389.0,0.0
,CSFALPHASYN,,,Npositive,,<class 'numpy.int64'>,"0, 1","1.0, 0.0",389.0,0.0,pop not found,keep,,,,,389.0,0.0
,BLENNOWCSFNFL,,RID,RID,,<class 'numpy.int64'>,None,"1423.0, 3.0",399.0,0.0,pop not found,keep,,,,,399.0,0.0
,BLENNOWCSFNFL,,VISCODE,VISCODE,,<class 'str'>,bl,None,399.0,0.0,pop not found,keep,,,,,399.0,0.0
,BLENNOWCSFNFL,,EXAMDATE,EXAMDATE,,<class 'str'>,"2005-09-12, 2005-11-08, 2005-09-07, 2005-09-19, 2005-11-10",None,399.0,0.0,pop not found,keep,,,,,399.0,0.0
,BLENNOWCSFNFL,,CSFNFL,NFL_CSF,,<class 'numpy.int64'>,None,"12647.0, 405.0",399.0,0.0,pop not found,keep,predittore,,,,399.0,0.0
,BLENNOWCSFNFL,,COMMENTS,COMMENTS,,<class 'str'>,"nan, reddish CSF, samples received thawed",None,9.0,390.0,pop not found,drop,,,,,9.0,0.0
,BLENNOWCSFNFL,,,VISIT_MONTH,,<class 'numpy.int64'>,0,"0.0, 0.0",399.0,0.0,pop not found,keep,,,,,399.0,0.0
,BLENNOWCSFNFL,,,METHOD,,<class 'str'>,elisa,None,399.0,0.0,pop not found,keep,,,,,399.0,0.0
,BLENNOWCSFNFL,,,Npositive,,<class 'numpy.int64'>,1,"1.0, 1.0",399.0,0.0,pop not found,keep,,,,,399.0,0.0
,BLENNOWPLASMANFL,,RID,RID,,<class 'numpy.int64'>,None,"5296.0, 2.0",3709.0,0.0,pop not found,keep,,,,,1191.0,1033.0
,BLENNOWPLASMANFL,,VISCODE2,VISCODE,,<class 'str'>,"m60, m72, m84, m96, m108",None,3709.0,0.0,pop not found,keep,,,,,1191.0,1033.0
,BLENNOWPLASMANFL,,EXAMDATE,EXAMDATE,,<class 'str'>,"2010-09-22, 2011-09-19, 2012-09-26, 2013-09-09, 2010-09-27",None,3709.0,0.0,pop not found,keep,,,,,1191.0,1033.0
,BLENNOWPLASMANFL,,PLASMA_NFL,NFL_PL,,<class 'numpy.float64'>,None,"451.0, 6.4",3709.0,0.0,pop not found,keep,predittore,,,,1191.0,1033.0
,BLENNOWPLASMANFL,,,VISIT_MONTH,,<class 'numpy.int64'>,None,"96.0, 0.0",3709.0,0.0,pop not found,keep,,,,,1191.0,1033.0
,BLENNOWPLASMANFL,,,METHOD,,<class 'str'>,elisa,None,3709.0,0.0,pop not found,keep,,,,,1191.0,1033.0
,BLENNOWPLASMANFL,,,Npositive,,<class 'numpy.int64'>,0,"0.0, 0.0",3709.0,0.0,pop not found,keep,,,,,1191.0,1033.0
,BLENNOWPLASMATAU,,RID,RID,,<class 'numpy.int64'>,None,"1435.0, 2.0",575.0,0.0,pop not found,keep,,,,,575.0,0.0
,BLENNOWPLASMATAU,,VISCODE,VISCODE,,<class 'str'>,bl,None,575.0,0.0,pop not found,keep,,,,,575.0,0.0
,BLENNOWPLASMATAU,,EXAMDATE,EXAMDATE,,<class 'str'>,"2005-09-08, 2005-09-12, 2005-11-08, 2005-09-07, 2005-11-29",None,575.0,0.0,pop not found,keep,,,,,575.0,0.0
,BLENNOWPLASMATAU,,PLASMATAU,TTAU_PL,,<class 'numpy.float64'>,None,"17.55, 0.08",575.0,0.0,pop not found,keep,predittore,,,,575.0,0.0
,BLENNOWPLASMATAU,,,VISIT_MONTH,,<class 'numpy.int64'>,0,"0.0, 0.0",575.0,0.0,pop not found,keep,,,,,575.0,0.0
,BLENNOWPLASMATAU,,,METHOD,,<class 'str'>,simoa,None,575.0,0.0,pop not found,keep,,,,,575.0,0.0
,BLENNOWPLASMATAU,,,Tpositive,,<class 'numpy.int64'>,0,"0.0, 0.0",575.0,0.0,pop not found,keep,,,,,575.0,0.0
,C2N_PRECIVITYAD2_PLASMA,Cohort,PHASE,COHORT,,<class 'str'>,ADNI4,None,676.0,0.0,"ADNI1, ADNIGO, ADNI2, ADNI3",keep,,,,,620.0,56.0
,C2N_PRECIVITYAD2_PLASMA,,RID,RID,,<class 'numpy.int64'>,None,"10470.0, 21.0",676.0,0.0,"ADNI1, ADNIGO, ADNI2, ADNI3",keep,,,,,620.0,56.0
,C2N_PRECIVITYAD2_PLASMA,,VISCODE2,VISCODE,,<class 'str'>,"m216, m210, m204, m222, m162",None,676.0,0.0,"ADNI1, ADNIGO, ADNI2, ADNI3",keep,,,,,620.0,56.0
,C2N_PRECIVITYAD2_PLASMA,,EXAMDATE,EXAMDATE,,<class 'str'>,"2024-04-01, 2023-11-29, 2023-10-23, 2024-01-10, 2025-01-23",None,676.0,0.0,"ADNI1, ADNIGO, ADNI2, ADNI3",keep,,,,,620.0,56.0
,C2N_PRECIVITYAD2_PLASMA,,pT217_C2N,PT217_PL,,<class 'numpy.float64'>,None,"19.358, 0.65",673.0,3.0,"ADNI1, ADNIGO, ADNI2, ADNI3",keep,predittore,,,,618.0,55.0
,C2N_PRECIVITYAD2_PLASMA,,npT217_C2N,nPT217_PL,,<class 'numpy.float64'>,None,"186.402, 13.651",672.0,4.0,"ADNI1, ADNIGO, ADNI2, ADNI3",keep,predittore,,,,618.0,54.0
,C2N_PRECIVITYAD2_PLASMA,,AB42_C2N,AB42_PL,,<class 'numpy.float64'>,None,"108.247, 15.261",668.0,8.0,"ADNI1, ADNIGO, ADNI2, ADNI3",keep,predittore,,,,615.0,53.0
,C2N_PRECIVITYAD2_PLASMA,,AB40_C2N,AB40_PL,,<class 'numpy.float64'>,None,"1072.476, 98.146",668.0,8.0,"ADNI1, ADNIGO, ADNI2, ADNI3",keep,predittore,,,,615.0,53.0
,C2N_PRECIVITYAD2_PLASMA,,AB42_AB40_C2N,AB4240_PL,,<class 'numpy.float64'>,None,"0.694, 0.072",668.0,8.0,"ADNI1, ADNIGO, ADNI2, ADNI3",keep,predittore,intervallo,,,615.0,53.0
,C2N_PRECIVITYAD2_PLASMA,,pT217_npT217_C2N,PT217_nPT217_PL,,<class 'numpy.float64'>,None,"27.76, 0.55",672.0,4.0,"ADNI1, ADNIGO, ADNI2, ADNI3",keep,predittore,intervallo,,,618.0,54.0
,C2N_PRECIVITYAD2_PLASMA,,APOE_C2N,APOE,,<class 'str'>,"E3/E3, E3/E4, E2/E3, E4/E4, E2/E4, E2/E2, nan",None,675.0,1.0,"ADNI1, ADNIGO, ADNI2, ADNI3",keep,predittore,,,,619.0,56.0
,C2N_PRECIVITYAD2_PLASMA,,Comments,COMMENTS,,<class 'str'>,"nan, p-tau217 LOD, Sample Corrected for Dilution p-tau, p-tau217 LOD; Contaminant present Abeta, p-tau217 LOD; Sample Corrected for Dilution p-tau",None,439.0,237.0,"ADNI1, ADNIGO, ADNI2, ADNI3",drop,,,,,420.0,19.0
,C2N_PRECIVITYAD2_PLASMA,,,VISIT_MONTH,,<class 'numpy.int64'>,"0, 12, 11, 13, 15","15.0, 0.0",676.0,0.0,"ADNI1, ADNIGO, ADNI2, ADNI3",keep,,,,,620.0,56.0
,C2N_PRECIVITYAD2_PLASMA,,,METHOD,,<class 'str'>,massospectrometry,None,676.0,0.0,"ADNI1, ADNIGO, ADNI2, ADNI3",keep,,,,,620.0,56.0
,C2N_PRECIVITYAD2_PLASMA,,,Apositive,,<class 'numpy.float64'>,"1.0, nan, 0.0","1.0, 0.0",668.0,8.0,"ADNI1, ADNIGO, ADNI2, ADNI3",keep,,,,,615.0,53.0
,C2N_PRECIVITYAD2_PLASMA,,,Tpositive,,<class 'numpy.float64'>,"0.0, nan","0.0, 0.0",673.0,3.0,"ADNI1, ADNIGO, ADNI2, ADNI3",keep,,,,,618.0,55.0
,UGOTPTAU181,,RID,RID,,,,,,,,keep,,,,,,
,UGOTPTAU181,,VISCODE2,VISCODE,,,,,,,,keep,,,,,,
,UGOTPTAU181,,EXAMDATE,EXAMDATE,,,,,,,,keep,,,,,,
,UGOTPTAU181,,PLASMAPTAU181,PT181_PL,,,,,,,,keep,predittore,,,,,
,UGOTPTAU181,,,VISIT_MONTH,,,,,,,,keep,,,,,,
,UGOTPTAU181,,,METHOD,,,,,,,,keep,,,,,,
,UGOTPTAU181,,,Tpositive,,,,,,,,keep,,,,,,
,UPENNPLASMA,,RID,RID,,,,,,,,keep,,,,,,
,UPENNPLASMA,,VISCODE,VISCODE,,,,,,,,keep,,,,,,
,UPENNPLASMA,,AB40,AB40_PL,,,,,,,,keep,predittore,,,,,
,UPENNPLASMA,,AB42,AB42_PL,,,,,,,,keep,predittore,,,,,
,UPENNPLASMA,,,VISIT_MONTH,,,,,,,,keep,,,,,,
,UPENNPLASMA,,,METHOD,,,,,,,,keep,,,,,,
,UPENNPLASMA,,,Apositive,,,,,,,,keep,,,,,,
,UPENN_PLASMA_FUJIREBIO_QUANTERIX,,RID,RID,,<class 'numpy.int64'>,None,"10470.0, 2.0",1728.0,0.0,pop not found,keep,,,,,1303.0,386.0
,UPENN_PLASMA_FUJIREBIO_QUANTERIX,,EXAMDATE,EXAMDATE,,<class 'str'>,"2005-09-08, 2005-09-19, 2015-10-29, 2005-11-10, 2007-11-07",None,1728.0,0.0,pop not found,keep,,,,,1303.0,386.0
,UPENN_PLASMA_FUJIREBIO_QUANTERIX,,,VISIT_MONTH,,<class 'numpy.int64'>,None,"227.0, 0.0",1728.0,0.0,pop not found,keep,,,,,1303.0,386.0
,UPENN_PLASMA_FUJIREBIO_QUANTERIX,,,PHASE,,<class 'str'>,"ADNI1, ADNI2, ADNI4, ADNI3, ADNIGO",None,1728.0,0.0,pop not found,keep,,,,,1303.0,386.0
,UPENN_PLASMA_FUJIREBIO_QUANTERIX,,,PTID,,<class 'str'>,"011_S_0002, 011_S_0008, 011_S_0010, 100_S_0015, 011_S_0022",None,1728.0,0.0,pop not found,keep,,,,,1303.0,386.0
,UPENN_PLASMA_FUJIREBIO_QUANTERIX,,,VISCODE2,,<class 'str'>,"bl, m120, m24, m48, m96",None,1726.0,2.0,pop not found,keep,,,,,1301.0,386.0
,UPENN_PLASMA_FUJIREBIO_QUANTERIX,,,Primary,,<class 'str'>,BLD,None,1728.0,0.0,pop not found,keep,,,,,1303.0,386.0
,UPENN_PLASMA_FUJIREBIO_QUANTERIX,,,Additive,,<class 'str'>,EDT,None,1728.0,0.0,pop not found,keep,,,,,1303.0,386.0
,UPENN_PLASMA_FUJIREBIO_QUANTERIX,,,pT217_F,,<class 'numpy.float64'>,None,"5.555, 0.03",1728.0,0.0,pop not found,keep,,,,,1303.0,386.0
,UPENN_PLASMA_FUJIREBIO_QUANTERIX,,,AB42_F,,<class 'numpy.float64'>,None,"1000.0, 2.25",1722.0,6.0,pop not found,keep,,,,,1303.0,380.0
,UPENN_PLASMA_FUJIREBIO_QUANTERIX,,,AB40_F,,<class 'numpy.float64'>,None,"5000.0, 26.89",1723.0,5.0,pop not found,keep,,,,,1303.0,381.0
,UPENN_PLASMA_FUJIREBIO_QUANTERIX,,,AB42_AB40_F,,<class 'numpy.float64'>,None,"0.6631, 0.0098",1722.0,6.0,pop not found,keep,,,,,1303.0,380.0
,UPENN_PLASMA_FUJIREBIO_QUANTERIX,,,pT217_AB42_F,,<class 'numpy.float64'>,None,"0.215060008, 0.00074",1722.0,6.0,pop not found,keep,,,,,1303.0,380.0
,UPENN_PLASMA_FUJIREBIO_QUANTERIX,,,NfL_Q,,<class 'numpy.float64'>,None,"278.0, -5.0",1728.0,0.0,pop not found,keep,,,,,1303.0,386.0
,UPENN_PLASMA_FUJIREBIO_QUANTERIX,,,GFAP_Q,,<class 'numpy.float64'>,None,"1783.0, -5.0",1728.0,0.0,pop not found,keep,,,,,1303.0,386.0
,UCBERKELEY_TAU_6MM,,RID,RID,,,,,,,,keep,,,,,,
,UCBERKELEY_TAU_6MM,,VISCODE2,VISCODE,,,,,,,,keep,,,,,,
,UCBERKELEY_TAU_6MM,,TRACER_SUVR_WARNING,WARNING,,,,,,,,keep,,,,,,
,UCBERKELEY_TAU_6MM,,CTX_ENTORHINAL_SUVR,ENTORHINAL_SUVR,,,,,,,,keep,predittore,,,,,
,UCBERKELEY_TAU_6MM,,CSF_SUVR,CSF_SUVR,,,,,,,,keep,predittore,,,,,
,UCBERKELEY_TAU_6MM,,CTX_FUSIFORM_SUVR,FUSIFORM_SUVR,,,,,,,,keep,predittore,,,,,
,UCBERKELEY_TAU_6MM,,CTX_INFERIORPARIETAL_SUVR,INFERIORPARIETAL_SUVR,,,,,,,,keep,predittore,,,,,
,UCBERKELEY_TAU_6MM,,CTX_INFERIORTEMPORAL_SUVR,INFERIOR_TEMPORAL_SUVR,,,,,,,,keep,predittore,,,,,
,UCBERKELEY_TAU_6MM,,CTX_LATERALOCCIPITAL_SUVR,LATERALOCCIPITAL_SUVR,,,,,,,,keep,predittore,,,,,
,UCBERKELEY_TAU_6MM,,CTX_MIDDLETEMPORAL_SUVR,MIDDLETEMPORAL_SUVR,,,,,,,,keep,predittore,,,,,
,UCBERKELEY_TAU_6MM,,CTX_PARAHIPPOCAMPAL_SUVR,PARAHIPPOCAMPAL_SUVR,,,,,,,,keep,predittore,,,,,
,UCBERKELEY_TAU_6MM,,CTX_PRECUNEUS_SUVR,PRECUNEUS_SUVR,,,,,,,,keep,predittore,,,,,
,UCBERKELEY_TAU_6MM,,,VISIT_MONTH,,,,,,,,keep,,,,,,
,UCBERKELEY_TAU_6MM,,,METHOD,,,,,,,,keep,,,,,,
,UCBERKELEY_TAU_6MM,,,CTX_ENTORHINAL_VOLUME,,,,,,,,keep,predittore,,,,,
,UCBERKELEY_TAU_6MM,,,CSF_VOLUME,,,,,,,,keep,predittore,,,,,
,UCBERKELEY_TAU_6MM,,,CTX_FUSIFORM_VOLUME,,,,,,,,keep,predittore,,,,,
,UCBERKELEY_TAU_6MM,,,CTX_INFERIORPARIETAL_VOLUME,,,,,,,,keep,predittore,,,,,
,UCBERKELEY_TAU_6MM,,,CTX_INFERIORTEMPORAL_VOLUME,,,,,,,,keep,predittore,,,,,
,UCBERKELEY_TAU_6MM,,,CTX_LATERALOCCIPITAL_VOLUME,,,,,,,,keep,predittore,,,,,
,UCBERKELEY_TAU_6MM,,,CTX_MIDDLETEMPORAL_VOLUME,,,,,,,,keep,predittore,,,,,
,UCBERKELEY_TAU_6MM,,,CTX_PARAHIPPOCAMPAL_VOLUME,,,,,,,,keep,predittore,,,,,
,UCBERKELEY_TAU_6MM,,,CTX_PRECUNEUS_VOLUME,,,,,,,,keep,predittore,,,,,
,UCBERKELEY_TAU_6MM,,,TAU_METAROI,,,,,,,,keep,predittore,intervallo,,,,
,UCBERKELEY_TAU_6MM,,,Apositive,,,,,,,,keep,,,,,,
,UCBERKELEY_TAU_6MM,,,Tpositive,,,,,,,,keep,,,,,,
,UCBERKELEY_AMY_6MM,,RID,RID,,<class 'numpy.int64'>,None,"10875.0, 21.0",2315.0,0.0,pop not found,keep,,,,,1346.0,547.0
,UCBERKELEY_AMY_6MM,,,CTX_ENTORHINAL_VOLUME,,<class 'numpy.float64'>,None,"5946.0, 746.0",2224.0,91.0,pop not found,keep,predittore,,,,1311.0,523.0
,UCBERKELEY_AMY_6MM,,,CTX_INFERIORTEMPORAL_VOLUME,,<class 'numpy.float64'>,None,"31454.0, 9660.0",2224.0,91.0,pop not found,keep,predittore,,,,1311.0,523.0
,UCBERKELEY_AMY_6MM,,,Apositive,,<class 'numpy.float64'>,"1.0, 0.0, nan","1.0, 0.0",2224.0,91.0,pop not found,keep,,,,,1311.0,523.0
,UCBERKELEY_AMY_6MM,,,Tpositive,,<class 'numpy.float64'>,"1.0, 0.0, nan","1.0, 0.0",2224.0,91.0,pop not found,keep,,,,,1311.0,523.0
,UCBERKELEY_AMY_6MM,,,LONIUID,,<class 'numpy.int64'>,None,"11432364.0, 513671.0",2315.0,0.0,pop not found,keep,,,,,1346.0,547.0
,UCBERKELEY_AMY_6MM,,,PTID,,<class 'str'>,"011_S_0021, 023_S_0031, 067_S_0056, 067_S_0059, 100_S_0069",None,2315.0,0.0,pop not found,keep,,,,,1346.0,547.0
,UCBERKELEY_AMY_6MM,,,VISCODE2,,<class 'str'>,"m144, m150, m162, m156, m168",None,2315.0,0.0,pop not found,keep,,,,,1346.0,547.0
,UCBERKELEY_AMY_6MM,,,SCANDATE,,<class 'str'>,"2018-02-02, 2018-04-24, 2019-04-23, 2018-02-20, 2019-01-10",None,2315.0,0.0,pop not found,keep,,,,,1346.0,547.0
,UCBERKELEY_AMY_6MM,,,SITEID,,<class 'numpy.int64'>,None,"941.0, 2.0",2315.0,0.0,pop not found,keep,,,,,1346.0,547.0
,UCBERKELEY_AMY_6MM,,,PROCESSDATE,,<class 'str'>,"2022-09-02, 2024-08-02, 2025-07-02, 2024-02-15, 2024-08-22",None,2315.0,0.0,pop not found,keep,,,,,1346.0,547.0
,UCBERKELEY_AMY_6MM,,,IMAGE_RESOLUTION,,<class 'str'>,"6mm, 8mm",None,2315.0,0.0,pop not found,keep,,,,,1346.0,547.0
,UCBERKELEY_AMY_6MM,,,qc_flag,,<class 'numpy.int64'>,"2, -1, 1, 0","2.0, -1.0",2315.0,0.0,pop not found,keep,,,,,1346.0,547.0
,UCBERKELEY_AMY_6MM,,,TRACER,,<class 'str'>,"FTP, MK6240, PI2620",None,2315.0,0.0,pop not found,keep,,,,,1346.0,547.0
,UCBERKELEY_AMY_6MM,,,TRACER_SUVR_WARNING,,<class 'str'>,DO NOT COMPARE SUVRs ACROSS TRACERS,None,2315.0,0.0,pop not found,keep,,,,,1346.0,547.0
,UCBERKELEY_AMY_6MM,,,CTX_ENTORHINAL_SUVR,,<class 'numpy.float64'>,None,"3.398, 0.674",2315.0,0.0,pop not found,keep,,,,,1346.0,547.0
,UCBERKELEY_AMY_6MM,,,ERODED_SUBCORTICALWM_SUVR,,<class 'numpy.float64'>,None,"1.943, 0.455",2315.0,0.0,pop not found,keep,,,,,1346.0,547.0
,UCBERKELEY_AMY_6MM,,,ERODED_SUBCORTICALWM_VOLUME,,<class 'numpy.float64'>,None,"424418.0, 55673.0",2224.0,91.0,pop not found,keep,,,,,1311.0,523.0
,UCBERKELEY_AMY_6MM,,,BRAINSTEM_SUVR,,<class 'numpy.float64'>,None,"1.562, 0.46",2224.0,91.0,pop not found,keep,,,,,1311.0,523.0
,UCBERKELEY_AMY_6MM,,,BRAINSTEM_VOLUME,,<class 'numpy.float64'>,None,"31388.0, 13764.0",2224.0,91.0,pop not found,keep,,,,,1311.0,523.0
,UCBERKELEY_AMY_6MM,,,CC_ANTERIOR_SUVR,,<class 'numpy.float64'>,None,"1.376, 0.445",2224.0,91.0,pop not found,keep,,,,,1311.0,523.0
,UCBERKELEY_AMY_6MM,,,CC_ANTERIOR_VOLUME,,<class 'numpy.float64'>,None,"1763.0, 67.0",2224.0,91.0,pop not found,keep,,,,,1311.0,523.0
,UCBERKELEY_AMY_6MM,,,CC_CENTRAL_SUVR,,<class 'numpy.float64'>,None,"1.581, 0.429",2224.0,91.0,pop not found,keep,,,,,1311.0,523.0
,UCBERKELEY_AMY_6MM,,,CC_CENTRAL_VOLUME,,<class 'numpy.float64'>,None,"1380.0, 233.0",2224.0,91.0,pop not found,keep,,,,,1311.0,523.0
,UCBERKELEY_AMY_6MM,,,CC_MID_ANTERIOR_SUVR,,<class 'numpy.float64'>,None,"1.486, 0.444",2224.0,91.0,pop not found,keep,,,,,1311.0,523.0
,UCBERKELEY_AMY_6MM,,,CC_MID_ANTERIOR_VOLUME,,<class 'numpy.float64'>,None,"1241.0, 59.0",2224.0,91.0,pop not found,keep,,,,,1311.0,523.0
,UCBERKELEY_AMY_6MM,,,CC_MID_POSTERIOR_SUVR,,<class 'numpy.float64'>,None,"1.52, 0.329",2224.0,91.0,pop not found,keep,,,,,1311.0,523.0
,UCBERKELEY_AMY_6MM,,,CC_MID_POSTERIOR_VOLUME,,<class 'numpy.float64'>,None,"1659.0, 189.0",2224.0,91.0,pop not found,keep,,,,,1311.0,523.0
,UCBERKELEY_AMY_6MM,,,CC_POSTERIOR_SUVR,,<class 'numpy.float64'>,None,"2.063, 0.514",2224.0,91.0,pop not found,keep,,,,,1311.0,523.0
,UCBERKELEY_AMY_6MM,,,CC_POSTERIOR_VOLUME,,<class 'numpy.float64'>,None,"2196.0, 259.0",2224.0,91.0,pop not found,keep,,,,,1311.0,523.0
,UCBERKELEY_AMY_6MM,,,CSF_SUVR,,<class 'numpy.float64'>,None,"1.629, 0.451",2224.0,91.0,pop not found,keep,,,,,1311.0,523.0
,UCBERKELEY_AMY_6MM,,,CSF_VOLUME,,<class 'numpy.float64'>,None,"3763.0, 628.0",2224.0,91.0,pop not found,keep,,,,,1311.0,523.0
,UCBERKELEY_AMY_6MM,,,VENTRICLE_3RD_SUVR,,<class 'numpy.float64'>,None,"1.243, 0.382",2224.0,91.0,pop not found,keep,,,,,1311.0,523.0
,UCBERKELEY_AMY_6MM,,,VENTRICLE_3RD_VOLUME,,<class 'numpy.float64'>,None,"5244.0, 484.0",2224.0,91.0,pop not found,keep,,,,,1311.0,523.0
,UCBERKELEY_AMY_6MM,,,VENTRICLE_4TH_SUVR,,<class 'numpy.float64'>,None,"1.633, 0.471",2224.0,91.0,pop not found,keep,,,,,1311.0,523.0
,UCBERKELEY_AMY_6MM,,,VENTRICLE_4TH_VOLUME,,<class 'numpy.float64'>,None,"5081.0, 739.0",2224.0,91.0,pop not found,keep,,,,,1311.0,523.0
,UCBERKELEY_AMY_6MM,,,VENTRICLE_5TH_SUVR,,<class 'numpy.float64'>,None,"0.861, 0.257",24.0,2291.0,pop not found,drop,,,,,22.0,2.0
,UCBERKELEY_AMY_6MM,,,VENTRICLE_5TH_VOLUME,,<class 'numpy.float64'>,"nan, 3.0, 8.0, 4.0, 2.0, 1.0, 10.0, 6.0, 11.0","11.0, 1.0",24.0,2291.0,pop not found,drop,,,,,22.0,2.0
,UCBERKELEY_AMY_6MM,,,WM_HYPOINTENSITIES_SUVR,,<class 'numpy.float64'>,None,"1.534, 0.454",2224.0,91.0,pop not found,keep,,,,,1311.0,523.0
,UCBERKELEY_AMY_6MM,,,WM_HYPOINTENSITIES_VOLUME,,<class 'numpy.float64'>,None,"72336.0, 268.0",2224.0,91.0,pop not found,keep,,,,,1311.0,523.0
,UCBERKELEY_AMY_6MM,,,NON_WM_HYPOINTENSITIES_SUVR,,<class 'numpy.float64'>,None,"1.867, 0.276",172.0,2143.0,pop not found,drop,,,,,144.0,21.0
,UCBERKELEY_AMY_6MM,,,NON_WM_HYPOINTENSITIES_VOLUME,,<class 'numpy.float64'>,None,"233.0, 1.0",172.0,2143.0,pop not found,drop,,,,,144.0,21.0
,UCBERKELEY_AMY_6MM,,,CTX_BANKSSTS_SUVR,,<class 'numpy.float64'>,None,"4.493, 0.629",2224.0,91.0,pop not found,keep,,,,,1311.0,523.0
,UCBERKELEY_AMY_6MM,,,CTX_BANKSSTS_VOLUME,,<class 'numpy.float64'>,None,"8963.0, 2121.0",2224.0,91.0,pop not found,keep,,,,,1311.0,523.0
,UCBERKELEY_AMY_6MM,,,CTX_CAUDALANTERIORCINGULATE_SUVR,,<class 'numpy.float64'>,None,"2.575, 0.531",2224.0,91.0,pop not found,keep,,,,,1311.0,523.0
,UCBERKELEY_AMY_6MM,,,CTX_CAUDALANTERIORCINGULATE_VOLUME,,<class 'numpy.float64'>,None,"8378.0, 1309.0",2224.0,91.0,pop not found,keep,,,,,1311.0,523.0
,UCBERKELEY_AMY_6MM,,,CTX_CAUDALMIDDLEFRONTAL_SUVR,,<class 'numpy.float64'>,None,"3.909, 0.587",2224.0,91.0,pop not found,keep,,,,,1311.0,523.0
,UCBERKELEY_AMY_6MM,,,CTX_CAUDALMIDDLEFRONTAL_VOLUME,,<class 'numpy.float64'>,None,"16670.0, 5775.0",2224.0,91.0,pop not found,keep,,,,,1311.0,523.0
,UCBERKELEY_AMY_6MM,,,CTX_CUNEUS_SUVR,,<class 'numpy.float64'>,None,"4.443, 0.757",2224.0,91.0,pop not found,keep,,,,,1311.0,523.0
,UCBERKELEY_AMY_6MM,,,CTX_CUNEUS_VOLUME,,<class 'numpy.float64'>,None,"10467.0, 3366.0",2224.0,91.0,pop not found,keep,,,,,1311.0,523.0
,UCBERKELEY_AMY_6MM,,,CTX_FRONTALPOLE_SUVR,,<class 'numpy.float64'>,None,"3.382, 0.555",2224.0,91.0,pop not found,keep,,,,,1311.0,523.0
,UCBERKELEY_AMY_6MM,,,CTX_FRONTALPOLE_VOLUME,,<class 'numpy.float64'>,None,"3888.0, 982.0",2224.0,91.0,pop not found,keep,,,,,1311.0,523.0
,UCBERKELEY_AMY_6MM,,,CTX_FUSIFORM_SUVR,,<class 'numpy.float64'>,None,"4.095, 0.8",2224.0,91.0,pop not found,keep,,,,,1311.0,523.0
,UCBERKELEY_AMY_6MM,,,CTX_FUSIFORM_VOLUME,,<class 'numpy.float64'>,None,"26688.0, 9510.0",2224.0,91.0,pop not found,keep,,,,,1311.0,523.0
,UCBERKELEY_AMY_6MM,,,CTX_INFERIORPARIETAL_SUVR,,<class 'numpy.float64'>,None,"4.384, 0.807",2224.0,91.0,pop not found,keep,,,,,1311.0,523.0
,UCBERKELEY_AMY_6MM,,,CTX_INFERIORPARIETAL_VOLUME,,<class 'numpy.float64'>,None,"37678.0, 12378.0",2224.0,91.0,pop not found,keep,,,,,1311.0,523.0
,UCBERKELEY_AMY_6MM,,,CTX_INFERIORTEMPORAL_SUVR,,<class 'numpy.float64'>,None,"4.528, 0.803",2224.0,91.0,pop not found,keep,,,,,1311.0,523.0
,UCBERKELEY_AMY_6MM,,,CTX_INSULA_SUVR,,<class 'numpy.float64'>,None,"2.95, 0.574",2224.0,91.0,pop not found,keep,,,,,1311.0,523.0
,UCBERKELEY_AMY_6MM,,,CTX_INSULA_VOLUME,,<class 'numpy.float64'>,None,"27196.0, 7460.0",2224.0,91.0,pop not found,keep,,,,,1311.0,523.0
,UCBERKELEY_AMY_6MM,,,CTX_ISTHMUSCINGULATE_SUVR,,<class 'numpy.float64'>,None,"3.888, 0.626",2224.0,91.0,pop not found,keep,,,,,1311.0,523.0
,UCBERKELEY_AMY_6MM,,,CTX_ISTHMUSCINGULATE_VOLUME,,<class 'numpy.float64'>,None,"9811.0, 1985.0",2224.0,91.0,pop not found,keep,,,,,1311.0,523.0
,UCBERKELEY_AMY_6MM,,,CTX_LATERALOCCIPITAL_SUVR,,<class 'numpy.float64'>,None,"5.025, 0.853",2224.0,91.0,pop not found,keep,,,,,1311.0,523.0
,UCBERKELEY_AMY_6MM,,,CTX_LATERALOCCIPITAL_VOLUME,,<class 'numpy.float64'>,None,"35627.0, 9370.0",2224.0,91.0,pop not found,keep,,,,,1311.0,523.0
,UCBERKELEY_AMY_6MM,,,CTX_LATERALORBITOFRONTAL_SUVR,,<class 'numpy.float64'>,None,"3.399, 0.656",2224.0,91.0,pop not found,keep,,,,,1311.0,523.0
,UCBERKELEY_AMY_6MM,,,CTX_LATERALORBITOFRONTAL_VOLUME,,<class 'numpy.float64'>,None,"18822.0, 8842.0",2224.0,91.0,pop not found,keep,,,,,1311.0,523.0
,UCBERKELEY_AMY_6MM,,,CTX_LINGUAL_SUVR,,<class 'numpy.float64'>,None,"3.919, 0.796",2224.0,91.0,pop not found,keep,,,,,1311.0,523.0
,UCBERKELEY_AMY_6MM,,,CTX_LINGUAL_VOLUME,,<class 'numpy.float64'>,None,"20629.0, 5946.0",2224.0,91.0,pop not found,keep,,,,,1311.0,523.0
,UCBERKELEY_AMY_6MM,,,CTX_MEDIALORBITOFRONTAL_SUVR,,<class 'numpy.float64'>,None,"3.174, 0.576",2224.0,91.0,pop not found,keep,,,,,1311.0,523.0
,UCBERKELEY_AMY_6MM,,,CTX_MEDIALORBITOFRONTAL_VOLUME,,<class 'numpy.float64'>,None,"13876.0, 6625.0",2222.0,93.0,pop not found,keep,,,,,1311.0,522.0
,UCBERKELEY_AMY_6MM,,,CTX_MIDDLETEMPORAL_SUVR,,<class 'numpy.float64'>,None,"4.0, 0.793",2224.0,91.0,pop not found,keep,,,,,1311.0,523.0
,UCBERKELEY_AMY_6MM,,,CTX_MIDDLETEMPORAL_VOLUME,,<class 'numpy.float64'>,None,"31685.0, 11213.0",2224.0,91.0,pop not found,keep,,,,,1311.0,523.0
,UCBERKELEY_AMY_6MM,,,CTX_PARACENTRAL_SUVR,,<class 'numpy.float64'>,None,"2.363, 0.552",2224.0,91.0,pop not found,keep,,,,,1311.0,523.0
,UCBERKELEY_AMY_6MM,,,CTX_PARACENTRAL_VOLUME,,<class 'numpy.float64'>,None,"10986.0, 4500.0",2224.0,91.0,pop not found,keep,,,,,1311.0,523.0
,UCBERKELEY_AMY_6MM,,,CTX_PARAHIPPOCAMPAL_SUVR,,<class 'numpy.float64'>,None,"3.196, 0.682",2224.0,91.0,pop not found,keep,,,,,1311.0,523.0
,UCBERKELEY_AMY_6MM,,,CTX_PARAHIPPOCAMPAL_VOLUME,,<class 'numpy.float64'>,None,"5685.0, 1751.0",2224.0,91.0,pop not found,keep,,,,,1311.0,523.0
,UCBERKELEY_AMY_6MM,,,CTX_PARSOPERCULARIS_SUVR,,<class 'numpy.float64'>,None,"3.589, 0.591",2224.0,91.0,pop not found,keep,,,,,1311.0,523.0
,UCBERKELEY_AMY_6MM,,,CTX_PARSOPERCULARIS_VOLUME,,<class 'numpy.float64'>,None,"12836.0, 4801.0",2223.0,92.0,pop not found,keep,,,,,1310.0,523.0
,UCBERKELEY_AMY_6MM,,,CTX_PARSORBITALIS_SUVR,,<class 'numpy.float64'>,None,"3.85, 0.811",2224.0,91.0,pop not found,keep,,,,,1311.0,523.0
,UCBERKELEY_AMY_6MM,,,CTX_PARSORBITALIS_VOLUME,,<class 'numpy.float64'>,None,"6892.0, 2452.0",2224.0,91.0,pop not found,keep,,,,,1311.0,523.0
,UCBERKELEY_AMY_6MM,,,CTX_PARSTRIANGULARIS_SUVR,,<class 'numpy.float64'>,None,"3.512, 0.715",2224.0,91.0,pop not found,keep,,,,,1311.0,523.0
,UCBERKELEY_AMY_6MM,,,CTX_PARSTRIANGULARIS_VOLUME,,<class 'numpy.float64'>,None,"11719.0, 4786.0",2224.0,91.0,pop not found,keep,,,,,1311.0,523.0
,UCBERKELEY_AMY_6MM,,,CTX_PERICALCARINE_SUVR,,<class 'numpy.float64'>,None,"3.439, 0.658",2224.0,91.0,pop not found,keep,,,,,1311.0,523.0
,UCBERKELEY_AMY_6MM,,,CTX_PERICALCARINE_VOLUME,,<class 'numpy.float64'>,None,"8270.0, 2109.0",2224.0,91.0,pop not found,keep,,,,,1311.0,523.0
,UCBERKELEY_AMY_6MM,,,CTX_POSTCENTRAL_SUVR,,<class 'numpy.float64'>,None,"2.411, 0.702",2224.0,91.0,pop not found,keep,,,,,1311.0,523.0
,UCBERKELEY_AMY_6MM,,,CTX_POSTCENTRAL_VOLUME,,<class 'numpy.float64'>,None,"26525.0, 10032.0",2224.0,91.0,pop not found,keep,,,,,1311.0,523.0
,UCBERKELEY_AMY_6MM,,,CTX_POSTERIORCINGULATE_SUVR,,<class 'numpy.float64'>,None,"3.46, 0.565",2224.0,91.0,pop not found,keep,,,,,1311.0,523.0
,UCBERKELEY_AMY_6MM,,,CTX_POSTERIORCINGULATE_VOLUME,,<class 'numpy.float64'>,None,"18216.0, 2054.0",2224.0,91.0,pop not found,keep,,,,,1311.0,523.0
,UCBERKELEY_AMY_6MM,,,CTX_PRECENTRAL_SUVR,,<class 'numpy.float64'>,None,"2.036, 0.607",2224.0,91.0,pop not found,keep,,,,,1311.0,523.0
,UCBERKELEY_AMY_6MM,,,CTX_PRECENTRAL_VOLUME,,<class 'numpy.float64'>,None,"37386.0, 13766.0",2224.0,91.0,pop not found,keep,,,,,1311.0,523.0
,UCBERKELEY_AMY_6MM,,,CTX_PRECUNEUS_SUVR,,<class 'numpy.float64'>,None,"4.037, 0.638",2224.0,91.0,pop not found,keep,,,,,1311.0,523.0
,UCBERKELEY_AMY_6MM,,,CTX_PRECUNEUS_VOLUME,,<class 'numpy.float64'>,None,"27581.0, 9272.0",2224.0,91.0,pop not found,keep,,,,,1311.0,523.0
,UCBERKELEY_AMY_6MM,,,CTX_ROSTRALANTERIORCINGULATE_SUVR,,<class 'numpy.float64'>,None,"2.972, 0.576",2224.0,91.0,pop not found,keep,,,,,1311.0,523.0
,UCBERKELEY_AMY_6MM,,,CTX_ROSTRALANTERIORCINGULATE_VOLUME,,<class 'numpy.float64'>,None,"7474.0, 1558.0",2224.0,91.0,pop not found,keep,,,,,1311.0,523.0
,UCBERKELEY_AMY_6MM,,,CTX_ROSTRALMIDDLEFRONTAL_SUVR,,<class 'numpy.float64'>,None,"4.571, 0.685",2224.0,91.0,pop not found,keep,,,,,1311.0,523.0
,UCBERKELEY_AMY_6MM,,,CTX_ROSTRALMIDDLEFRONTAL_VOLUME,,<class 'numpy.float64'>,None,"50046.0, 16054.0",2224.0,91.0,pop not found,keep,,,,,1311.0,523.0
,UCBERKELEY_AMY_6MM,,,CTX_SUPERIORFRONTAL_SUVR,,<class 'numpy.float64'>,None,"3.007, 0.525",2224.0,91.0,pop not found,keep,,,,,1311.0,523.0
,UCBERKELEY_AMY_6MM,,,CTX_SUPERIORFRONTAL_VOLUME,,<class 'numpy.float64'>,None,"58830.0, 25550.0",2224.0,91.0,pop not found,keep,,,,,1311.0,523.0
,UCBERKELEY_AMY_6MM,,,CTX_SUPERIORPARIETAL_SUVR,,<class 'numpy.float64'>,None,"4.043, 0.701",2224.0,91.0,pop not found,keep,,,,,1311.0,523.0
,UCBERKELEY_AMY_6MM,,,CTX_SUPERIORPARIETAL_VOLUME,,<class 'numpy.float64'>,None,"37095.0, 12027.0",2224.0,91.0,pop not found,keep,,,,,1311.0,523.0
,UCBERKELEY_AMY_6MM,,,CTX_SUPERIORTEMPORAL_SUVR,,<class 'numpy.float64'>,None,"2.914, 0.703",2224.0,91.0,pop not found,keep,,,,,1311.0,523.0
,UCBERKELEY_AMY_6MM,,,CTX_SUPERIORTEMPORAL_VOLUME,,<class 'numpy.float64'>,None,"32667.0, 12461.0",2224.0,91.0,pop not found,keep,,,,,1311.0,523.0
,UCBERKELEY_AMY_6MM,,,CTX_SUPRAMARGINAL_SUVR,,<class 'numpy.float64'>,None,"3.539, 0.72",2224.0,91.0,pop not found,keep,,,,,1311.0,523.0
,UCBERKELEY_AMY_6MM,,,CTX_SUPRAMARGINAL_VOLUME,,<class 'numpy.float64'>,None,"31391.0, 10961.0",2224.0,91.0,pop not found,keep,,,,,1311.0,523.0
,UCBERKELEY_AMY_6MM,,,CTX_TEMPORALPOLE_SUVR,,<class 'numpy.float64'>,None,"3.797, 0.785",2224.0,91.0,pop not found,keep,,,,,1311.0,523.0
,UCBERKELEY_AMY_6MM,,,CTX_TEMPORALPOLE_VOLUME,,<class 'numpy.float64'>,None,"9644.0, 2178.0",2224.0,91.0,pop not found,keep,,,,,1311.0,523.0
,UCBERKELEY_AMY_6MM,,,CTX_TRANSVERSETEMPORAL_SUVR,,<class 'numpy.float64'>,None,"2.568, 0.594",2224.0,91.0,pop not found,keep,,,,,1311.0,523.0
,UCBERKELEY_AMY_6MM,,,CTX_TRANSVERSETEMPORAL_VOLUME,,<class 'numpy.float64'>,None,"3541.0, 1100.0",2224.0,91.0,pop not found,keep,,,,,1311.0,523.0
,UCBERKELEY_AMY_6MM,,,ACCUMBENS_AREA_SUVR,,<class 'numpy.float64'>,None,"2.475, 0.402",2224.0,91.0,pop not found,keep,,,,,1311.0,523.0
,UCBERKELEY_AMY_6MM,,,ACCUMBENS_AREA_VOLUME,,<class 'numpy.float64'>,None,"1636.0, 300.0",2224.0,91.0,pop not found,keep,,,,,1311.0,523.0
,UCBERKELEY_AMY_6MM,,,AMYGDALA_SUVR,,<class 'numpy.float64'>,None,"3.175, 0.45",2224.0,91.0,pop not found,keep,,,,,1311.0,523.0
,UCBERKELEY_AMY_6MM,,,AMYGDALA_VOLUME,,<class 'numpy.float64'>,None,"4740.0, 980.0",2224.0,91.0,pop not found,keep,,,,,1311.0,523.0
,UCBERKELEY_AMY_6MM,,,CAUDATE_SUVR,,<class 'numpy.float64'>,None,"1.696, 0.432",2224.0,91.0,pop not found,keep,,,,,1311.0,523.0
,UCBERKELEY_AMY_6MM,,,CAUDATE_VOLUME,,<class 'numpy.float64'>,None,"12321.0, 3588.0",2224.0,91.0,pop not found,keep,,,,,1311.0,523.0
,UCBERKELEY_AMY_6MM,,,CEREBELLUM_CORTEX_SUVR,,<class 'numpy.float64'>,None,"1.277, 0.947",2224.0,91.0,pop not found,keep,,,,,1311.0,523.0
,UCBERKELEY_AMY_6MM,,,CEREBELLUM_CORTEX_VOLUME,,<class 'numpy.float64'>,None,"142592.0, 68832.0",2224.0,91.0,pop not found,keep,,,,,1311.0,523.0
,UCBERKELEY_AMY_6MM,,,CEREBELLUM_WHITE_MATTER_SUVR,,<class 'numpy.float64'>,None,"1.485, 0.598",2224.0,91.0,pop not found,keep,,,,,1311.0,523.0
,UCBERKELEY_AMY_6MM,,,CEREBELLUM_WHITE_MATTER_VOLUME,,<class 'numpy.float64'>,None,"48785.0, 13671.0",2224.0,91.0,pop not found,keep,,,,,1311.0,523.0
,UCBERKELEY_AMY_6MM,,,CEREBRAL_WHITE_MATTER_SUVR,,<class 'numpy.float64'>,None,"2.576, 0.517",2224.0,91.0,pop not found,keep,,,,,1311.0,523.0
,UCBERKELEY_AMY_6MM,,,CEREBRAL_WHITE_MATTER_VOLUME,,<class 'numpy.float64'>,None,"718037.0, 224785.0",2224.0,91.0,pop not found,keep,,,,,1311.0,523.0
,UCBERKELEY_AMY_6MM,,,CHOROID_PLEXUS_SUVR,,<class 'numpy.float64'>,None,"3.465, 0.521",2224.0,91.0,pop not found,keep,,,,,1311.0,523.0
,UCBERKELEY_AMY_6MM,,,CHOROID_PLEXUS_VOLUME,,<class 'numpy.float64'>,None,"3434.0, 459.0",2224.0,91.0,pop not found,keep,,,,,1311.0,523.0
,UCBERKELEY_AMY_6MM,,,HIPPOCAMPUS_SUVR,,<class 'numpy.float64'>,None,"2.761, 0.512",2224.0,91.0,pop not found,keep,,,,,1311.0,523.0
,UCBERKELEY_AMY_6MM,,,HIPPOCAMPUS_VOLUME,,<class 'numpy.float64'>,None,"11461.0, 3255.0",2224.0,91.0,pop not found,keep,,,,,1311.0,523.0
,UCBERKELEY_AMY_6MM,,,OPTIC_CHIASM_SUVR,,<class 'numpy.float64'>,None,"1.953, 0.406",2224.0,91.0,pop not found,keep,,,,,1311.0,523.0
,UCBERKELEY_AMY_6MM,,,OPTIC_CHIASM_VOLUME,,<class 'numpy.float64'>,None,"361.0, 2.0",2224.0,91.0,pop not found,keep,,,,,1311.0,523.0
,UCBERKELEY_AMY_6MM,,,INF_LAT_VENT_SUVR,,<class 'numpy.float64'>,None,"2.291, 0.504",2224.0,91.0,pop not found,keep,,,,,1311.0,523.0
,UCBERKELEY_AMY_6MM,,,INF_LAT_VENT_VOLUME,,<class 'numpy.float64'>,None,"16102.0, 164.0",2224.0,91.0,pop not found,keep,,,,,1311.0,523.0
,UCBERKELEY_AMY_6MM,,,LATERAL_VENTRICLE_SUVR,,<class 'numpy.float64'>,None,"1.468, 0.218",2224.0,91.0,pop not found,keep,,,,,1311.0,523.0
,UCBERKELEY_AMY_6MM,,,LATERAL_VENTRICLE_VOLUME,,<class 'numpy.float64'>,None,"138561.0, 5800.0",2224.0,91.0,pop not found,keep,,,,,1311.0,523.0
,UCBERKELEY_AMY_6MM,,,PALLIDUM_SUVR,,<class 'numpy.float64'>,None,"2.529, 0.475",2224.0,91.0,pop not found,keep,,,,,1311.0,523.0
,UCBERKELEY_AMY_6MM,,,PALLIDUM_VOLUME,,<class 'numpy.float64'>,None,"6324.0, 2454.0",2224.0,91.0,pop not found,keep,,,,,1311.0,523.0
,UCBERKELEY_AMY_6MM,,,PUTAMEN_SUVR,,<class 'numpy.float64'>,None,"2.4, 0.504",2224.0,91.0,pop not found,keep,,,,,1311.0,523.0
,UCBERKELEY_AMY_6MM,,,PUTAMEN_VOLUME,,<class 'numpy.float64'>,None,"15492.0, 4438.0",2222.0,93.0,pop not found,keep,,,,,1311.0,523.0
,UCBERKELEY_AMY_6MM,,,THALAMUS_PROPER_SUVR,,<class 'numpy.float64'>,None,"2.088, 0.481",2224.0,91.0,pop not found,keep,,,,,1311.0,523.0
,UCBERKELEY_AMY_6MM,,,THALAMUS_PROPER_VOLUME,,<class 'numpy.float64'>,None,"20466.0, 8557.0",2224.0,91.0,pop not found,keep,,,,,1311.0,523.0
,UCBERKELEY_AMY_6MM,,,VENTRALDC_SUVR,,<class 'numpy.float64'>,None,"1.833, 0.51",2224.0,91.0,pop not found,keep,,,,,1311.0,523.0
,UCBERKELEY_AMY_6MM,,,VENTRALDC_VOLUME,,<class 'numpy.float64'>,None,"11382.0, 4441.0",2224.0,91.0,pop not found,keep,,,,,1311.0,523.0
,UCBERKELEY_AMY_6MM,,,VESSEL_SUVR,,<class 'numpy.float64'>,None,"2.342, 0.6",2203.0,112.0,pop not found,keep,,,,,1301.0,521.0
,UCBERKELEY_AMY_6MM,,,VESSEL_VOLUME,,<class 'numpy.float64'>,None,"604.0, 1.0",2203.0,112.0,pop not found,keep,,,,,1301.0,521.0
,UCBERKELEY_AMY_6MM,,,CTX_LH_BANKSSTS_SUVR,,<class 'numpy.float64'>,None,"4.46, 0.643",2224.0,91.0,pop not found,keep,,,,,1311.0,523.0
,UCBERKELEY_AMY_6MM,,,CTX_LH_BANKSSTS_VOLUME,,<class 'numpy.float64'>,None,"4723.0, 779.0",2224.0,91.0,pop not found,keep,,,,,1311.0,523.0
,UCBERKELEY_AMY_6MM,,,CTX_LH_CAUDALANTERIORCINGULATE_SUVR,,<class 'numpy.float64'>,None,"2.563, 0.533",2224.0,91.0,pop not found,keep,,,,,1311.0,523.0
,UCBERKELEY_AMY_6MM,,,CTX_LH_CAUDALANTERIORCINGULATE_VOLUME,,<class 'numpy.float64'>,None,"4960.0, 352.0",2224.0,91.0,pop not found,keep,,,,,1311.0,523.0
,UCBERKELEY_AMY_6MM,,,CTX_LH_CAUDALMIDDLEFRONTAL_SUVR,,<class 'numpy.float64'>,None,"4.124, 0.584",2224.0,91.0,pop not found,keep,,,,,1311.0,523.0
,UCBERKELEY_AMY_6MM,,,CTX_LH_CAUDALMIDDLEFRONTAL_VOLUME,,<class 'numpy.float64'>,None,"12065.0, 2609.0",2224.0,91.0,pop not found,keep,,,,,1311.0,523.0
,UCBERKELEY_AMY_6MM,,,CTX_LH_CUNEUS_SUVR,,<class 'numpy.float64'>,None,"4.044, 0.777",2224.0,91.0,pop not found,keep,,,,,1311.0,523.0
,UCBERKELEY_AMY_6MM,,,CTX_LH_CUNEUS_VOLUME,,<class 'numpy.float64'>,None,"5342.0, 1411.0",2224.0,91.0,pop not found,keep,,,,,1311.0,523.0
,UCBERKELEY_AMY_6MM,,,CTX_LH_ENTORHINAL_SUVR,,<class 'numpy.float64'>,None,"3.3, 0.702",2223.0,92.0,pop not found,keep,,,,,1310.0,523.0
,UCBERKELEY_AMY_6MM,,,CTX_LH_ENTORHINAL_VOLUME,,<class 'numpy.float64'>,None,"3408.0, 291.0",2223.0,92.0,pop not found,keep,,,,,1310.0,523.0
,UCBERKELEY_AMY_6MM,,,CTX_LH_FRONTALPOLE_SUVR,,<class 'numpy.float64'>,None,"3.351, 0.58",2224.0,91.0,pop not found,keep,,,,,1311.0,523.0
,UCBERKELEY_AMY_6MM,,,CTX_LH_FRONTALPOLE_VOLUME,,<class 'numpy.float64'>,None,"1796.0, 486.0",2224.0,91.0,pop not found,keep,,,,,1311.0,523.0
,UCBERKELEY_AMY_6MM,,,CTX_LH_FUSIFORM_SUVR,,<class 'numpy.float64'>,None,"4.258, 0.799",2224.0,91.0,pop not found,keep,,,,,1311.0,523.0
,UCBERKELEY_AMY_6MM,,,CTX_LH_FUSIFORM_VOLUME,,<class 'numpy.float64'>,None,"13678.0, 3944.0",2224.0,91.0,pop not found,keep,,,,,1311.0,523.0
,UCBERKELEY_AMY_6MM,,,CTX_LH_INFERIORPARIETAL_SUVR,,<class 'numpy.float64'>,None,"4.489, 0.796",2224.0,91.0,pop not found,keep,,,,,1311.0,523.0
,UCBERKELEY_AMY_6MM,,,CTX_LH_INFERIORPARIETAL_VOLUME,,<class 'numpy.float64'>,None,"17756.0, 5047.0",2223.0,92.0,pop not found,keep,,,,,1311.0,523.0
,UCBERKELEY_AMY_6MM,,,CTX_LH_INFERIORTEMPORAL_SUVR,,<class 'numpy.float64'>,None,"4.312, 0.791",2224.0,91.0,pop not found,keep,,,,,1311.0,523.0
,UCBERKELEY_AMY_6MM,,,CTX_LH_INFERIORTEMPORAL_VOLUME,,<class 'numpy.float64'>,None,"16512.0, 4547.0",2222.0,93.0,pop not found,keep,,,,,1310.0,522.0
,UCBERKELEY_AMY_6MM,,,CTX_LH_INSULA_SUVR,,<class 'numpy.float64'>,None,"2.909, 0.574",2224.0,91.0,pop not found,keep,,,,,1311.0,523.0
,UCBERKELEY_AMY_6MM,,,CTX_LH_INSULA_VOLUME,,<class 'numpy.float64'>,None,"21138.0, 3825.0",2224.0,91.0,pop not found,keep,,,,,1311.0,523.0
,UCBERKELEY_AMY_6MM,,,CTX_LH_ISTHMUSCINGULATE_SUVR,,<class 'numpy.float64'>,None,"3.946, 0.641",2224.0,91.0,pop not found,keep,,,,,1311.0,523.0
,UCBERKELEY_AMY_6MM,,,CTX_LH_ISTHMUSCINGULATE_VOLUME,,<class 'numpy.float64'>,None,"6967.0, 615.0",2224.0,91.0,pop not found,keep,,,,,1311.0,523.0
,UCBERKELEY_AMY_6MM,,,CTX_LH_LATERALOCCIPITAL_SUVR,,<class 'numpy.float64'>,None,"4.843, 0.835",2224.0,91.0,pop not found,keep,,,,,1311.0,523.0
,UCBERKELEY_AMY_6MM,,,CTX_LH_LATERALOCCIPITAL_VOLUME,,<class 'numpy.float64'>,None,"17628.0, 4386.0",2224.0,91.0,pop not found,keep,,,,,1311.0,523.0
,UCBERKELEY_AMY_6MM,,,CTX_LH_LATERALORBITOFRONTAL_SUVR,,<class 'numpy.float64'>,None,"3.759, 0.657",2224.0,91.0,pop not found,keep,,,,,1311.0,523.0
,UCBERKELEY_AMY_6MM,,,CTX_LH_LATERALORBITOFRONTAL_VOLUME,,<class 'numpy.float64'>,None,"11834.0, 3412.0",2224.0,91.0,pop not found,keep,,,,,1311.0,523.0
,UCBERKELEY_AMY_6MM,,,CTX_LH_LINGUAL_SUVR,,<class 'numpy.float64'>,None,"3.763, 0.81",2224.0,91.0,pop not found,keep,,,,,1311.0,523.0
,UCBERKELEY_AMY_6MM,,,CTX_LH_LINGUAL_VOLUME,,<class 'numpy.float64'>,None,"11629.0, 2540.0",2224.0,91.0,pop not found,keep,,,,,1311.0,523.0
,UCBERKELEY_AMY_6MM,,,CTX_LH_MEDIALORBITOFRONTAL_SUVR,,<class 'numpy.float64'>,None,"3.151, 0.574",2224.0,91.0,pop not found,keep,,,,,1311.0,523.0
,UCBERKELEY_AMY_6MM,,,CTX_LH_MEDIALORBITOFRONTAL_VOLUME,,<class 'numpy.float64'>,None,"7019.0, 3183.0",2224.0,91.0,pop not found,keep,,,,,1311.0,523.0
,UCBERKELEY_AMY_6MM,,,CTX_LH_MIDDLETEMPORAL_SUVR,,<class 'numpy.float64'>,None,"4.237, 0.788",2224.0,91.0,pop not found,keep,,,,,1311.0,523.0
,UCBERKELEY_AMY_6MM,,,CTX_LH_MIDDLETEMPORAL_VOLUME,,<class 'numpy.float64'>,None,"14767.0, 4242.0",2223.0,92.0,pop not found,keep,,,,,1311.0,522.0
,UCBERKELEY_AMY_6MM,,,CTX_LH_PARACENTRAL_SUVR,,<class 'numpy.float64'>,None,"2.094, 0.578",2224.0,91.0,pop not found,keep,,,,,1311.0,523.0
,UCBERKELEY_AMY_6MM,,,CTX_LH_PARACENTRAL_VOLUME,,<class 'numpy.float64'>,None,"7180.0, 1868.0",2224.0,91.0,pop not found,keep,,,,,1311.0,523.0
,UCBERKELEY_AMY_6MM,,,CTX_LH_PARAHIPPOCAMPAL_SUVR,,<class 'numpy.float64'>,None,"3.139, 0.691",2223.0,92.0,pop not found,keep,,,,,1310.0,523.0
,UCBERKELEY_AMY_6MM,,,CTX_LH_PARAHIPPOCAMPAL_VOLUME,,<class 'numpy.float64'>,None,"3643.0, 938.0",2223.0,92.0,pop not found,keep,,,,,1310.0,523.0
,UCBERKELEY_AMY_6MM,,,CTX_LH_PARSOPERCULARIS_SUVR,,<class 'numpy.float64'>,None,"3.525, 0.576",2224.0,91.0,pop not found,keep,,,,,1311.0,523.0
,UCBERKELEY_AMY_6MM,,,CTX_LH_PARSOPERCULARIS_VOLUME,,<class 'numpy.float64'>,None,"7630.0, 2451.0",2224.0,91.0,pop not found,keep,,,,,1311.0,523.0
,UCBERKELEY_AMY_6MM,,,CTX_LH_PARSORBITALIS_SUVR,,<class 'numpy.float64'>,None,"4.214, 0.781",2224.0,91.0,pop not found,keep,,,,,1311.0,523.0
,UCBERKELEY_AMY_6MM,,,CTX_LH_PARSORBITALIS_VOLUME,,<class 'numpy.float64'>,None,"3294.0, 438.0",2224.0,91.0,pop not found,keep,,,,,1311.0,523.0
,UCBERKELEY_AMY_6MM,,,CTX_LH_PARSTRIANGULARIS_SUVR,,<class 'numpy.float64'>,None,"3.546, 0.679",2224.0,91.0,pop not found,keep,,,,,1311.0,523.0
,UCBERKELEY_AMY_6MM,,,CTX_LH_PARSTRIANGULARIS_VOLUME,,<class 'numpy.float64'>,None,"5545.0, 1834.0",2224.0,91.0,pop not found,keep,,,,,1311.0,523.0
,UCBERKELEY_AMY_6MM,,,CTX_LH_PERICALCARINE_SUVR,,<class 'numpy.float64'>,None,"3.021, 0.668",2224.0,91.0,pop not found,keep,,,,,1311.0,523.0
,UCBERKELEY_AMY_6MM,,,CTX_LH_PERICALCARINE_VOLUME,,<class 'numpy.float64'>,None,"4678.0, 755.0",2224.0,91.0,pop not found,keep,,,,,1311.0,523.0
,UCBERKELEY_AMY_6MM,,,CTX_LH_POSTCENTRAL_SUVR,,<class 'numpy.float64'>,None,"2.335, 0.692",2224.0,91.0,pop not found,keep,,,,,1311.0,523.0
,UCBERKELEY_AMY_6MM,,,CTX_LH_POSTCENTRAL_VOLUME,,<class 'numpy.float64'>,None,"14589.0, 4696.0",2224.0,91.0,pop not found,keep,,,,,1311.0,523.0
,UCBERKELEY_AMY_6MM,,,CTX_LH_POSTERIORCINGULATE_SUVR,,<class 'numpy.float64'>,None,"3.512, 0.598",2224.0,91.0,pop not found,keep,,,,,1311.0,523.0
,UCBERKELEY_AMY_6MM,,,CTX_LH_POSTERIORCINGULATE_VOLUME,,<class 'numpy.float64'>,None,"11595.0, 990.0",2224.0,91.0,pop not found,keep,,,,,1311.0,523.0
,UCBERKELEY_AMY_6MM,,,CTX_LH_PRECENTRAL_SUVR,,<class 'numpy.float64'>,None,"2.202, 0.597",2224.0,91.0,pop not found,keep,,,,,1311.0,523.0
,UCBERKELEY_AMY_6MM,,,CTX_LH_PRECENTRAL_VOLUME,,<class 'numpy.float64'>,None,"25709.0, 6606.0",2224.0,91.0,pop not found,keep,,,,,1311.0,523.0
,UCBERKELEY_AMY_6MM,,,CTX_LH_PRECUNEUS_SUVR,,<class 'numpy.float64'>,None,"4.285, 0.637",2224.0,91.0,pop not found,keep,,,,,1311.0,523.0
,UCBERKELEY_AMY_6MM,,,CTX_LH_PRECUNEUS_VOLUME,,<class 'numpy.float64'>,None,"17038.0, 4103.0",2224.0,91.0,pop not found,keep,,,,,1311.0,523.0
,UCBERKELEY_AMY_6MM,,,CTX_LH_ROSTRALANTERIORCINGULATE_SUVR,,<class 'numpy.float64'>,None,"2.997, 0.59",2224.0,91.0,pop not found,keep,,,,,1311.0,523.0
,UCBERKELEY_AMY_6MM,,,CTX_LH_ROSTRALANTERIORCINGULATE_VOLUME,,<class 'numpy.float64'>,None,"5073.0, 571.0",2224.0,91.0,pop not found,keep,,,,,1311.0,523.0
,UCBERKELEY_AMY_6MM,,,CTX_LH_ROSTRALMIDDLEFRONTAL_SUVR,,<class 'numpy.float64'>,None,"4.723, 0.676",2224.0,91.0,pop not found,keep,,,,,1311.0,523.0
,UCBERKELEY_AMY_6MM,,,CTX_LH_ROSTRALMIDDLEFRONTAL_VOLUME,,<class 'numpy.float64'>,None,"23265.0, 6861.0",2224.0,91.0,pop not found,keep,,,,,1311.0,523.0
,UCBERKELEY_AMY_6MM,,,CTX_LH_SUPERIORFRONTAL_SUVR,,<class 'numpy.float64'>,None,"3.231, 0.491",2224.0,91.0,pop not found,keep,,,,,1311.0,523.0
,UCBERKELEY_AMY_6MM,,,CTX_LH_SUPERIORFRONTAL_VOLUME,,<class 'numpy.float64'>,None,"39158.0, 13132.0",2224.0,91.0,pop not found,keep,,,,,1311.0,523.0
,UCBERKELEY_AMY_6MM,,,CTX_LH_SUPERIORPARIETAL_SUVR,,<class 'numpy.float64'>,None,"4.091, 0.704",2224.0,91.0,pop not found,keep,,,,,1311.0,523.0
,UCBERKELEY_AMY_6MM,,,CTX_LH_SUPERIORPARIETAL_VOLUME,,<class 'numpy.float64'>,None,"23420.0, 5411.0",2224.0,91.0,pop not found,keep,,,,,1311.0,523.0
,UCBERKELEY_AMY_6MM,,,CTX_LH_SUPERIORTEMPORAL_SUVR,,<class 'numpy.float64'>,None,"3.121, 0.688",2224.0,91.0,pop not found,keep,,,,,1311.0,523.0
,UCBERKELEY_AMY_6MM,,,CTX_LH_SUPERIORTEMPORAL_VOLUME,,<class 'numpy.float64'>,None,"18312.0, 5891.0",2224.0,91.0,pop not found,keep,,,,,1311.0,523.0
,UCBERKELEY_AMY_6MM,,,CTX_LH_SUPRAMARGINAL_SUVR,,<class 'numpy.float64'>,None,"3.696, 0.714",2224.0,91.0,pop not found,keep,,,,,1311.0,523.0
,UCBERKELEY_AMY_6MM,,,CTX_LH_SUPRAMARGINAL_VOLUME,,<class 'numpy.float64'>,None,"17431.0, 5543.0",2223.0,92.0,pop not found,keep,,,,,1311.0,522.0
,UCBERKELEY_AMY_6MM,,,CTX_LH_TEMPORALPOLE_SUVR,,<class 'numpy.float64'>,None,"3.788, 0.761",2224.0,91.0,pop not found,keep,,,,,1311.0,523.0
,UCBERKELEY_AMY_6MM,,,CTX_LH_TEMPORALPOLE_VOLUME,,<class 'numpy.float64'>,None,"5851.0, 48.0",2224.0,91.0,pop not found,keep,,,,,1311.0,523.0
,UCBERKELEY_AMY_6MM,,,CTX_LH_TRANSVERSETEMPORAL_SUVR,,<class 'numpy.float64'>,None,"2.81, 0.598",2224.0,91.0,pop not found,keep,,,,,1311.0,523.0
,UCBERKELEY_AMY_6MM,,,CTX_LH_TRANSVERSETEMPORAL_VOLUME,,<class 'numpy.float64'>,None,"2254.0, 601.0",2224.0,91.0,pop not found,keep,,,,,1311.0,523.0
,UCBERKELEY_AMY_6MM,,,CTX_RH_BANKSSTS_SUVR,,<class 'numpy.float64'>,None,"4.997, 0.614",2224.0,91.0,pop not found,keep,,,,,1311.0,523.0
,UCBERKELEY_AMY_6MM,,,CTX_RH_BANKSSTS_VOLUME,,<class 'numpy.float64'>,None,"4240.0, 952.0",2224.0,91.0,pop not found,keep,,,,,1311.0,523.0
,UCBERKELEY_AMY_6MM,,,CTX_RH_CAUDALANTERIORCINGULATE_SUVR,,<class 'numpy.float64'>,None,"2.584, 0.526",2224.0,91.0,pop not found,keep,,,,,1311.0,523.0
,UCBERKELEY_AMY_6MM,,,CTX_RH_CAUDALANTERIORCINGULATE_VOLUME,,<class 'numpy.float64'>,None,"4843.0, 368.0",2224.0,91.0,pop not found,keep,,,,,1311.0,523.0
,UCBERKELEY_AMY_6MM,,,CTX_RH_CAUDALMIDDLEFRONTAL_SUVR,,<class 'numpy.float64'>,None,"3.7, 0.59",2224.0,91.0,pop not found,keep,,,,,1311.0,523.0
,UCBERKELEY_AMY_6MM,,,CTX_RH_CAUDALMIDDLEFRONTAL_VOLUME,,<class 'numpy.float64'>,None,"9461.0, 2379.0",2224.0,91.0,pop not found,keep,,,,,1311.0,523.0
,UCBERKELEY_AMY_6MM,,,CTX_RH_CUNEUS_SUVR,,<class 'numpy.float64'>,None,"4.89, 0.737",2224.0,91.0,pop not found,keep,,,,,1311.0,523.0
,UCBERKELEY_AMY_6MM,,,CTX_RH_CUNEUS_VOLUME,,<class 'numpy.float64'>,None,"6165.0, 982.0",2224.0,91.0,pop not found,keep,,,,,1311.0,523.0
,UCBERKELEY_AMY_6MM,,,CTX_RH_ENTORHINAL_SUVR,,<class 'numpy.float64'>,None,"3.625, 0.64",2224.0,91.0,pop not found,keep,,,,,1311.0,523.0
,UCBERKELEY_AMY_6MM,,,CTX_RH_ENTORHINAL_VOLUME,,<class 'numpy.float64'>,None,"3452.0, 411.0",2224.0,91.0,pop not found,keep,,,,,1311.0,523.0
,UCBERKELEY_AMY_6MM,,,CTX_RH_FRONTALPOLE_SUVR,,<class 'numpy.float64'>,None,"3.409, 0.535",2224.0,91.0,pop not found,keep,,,,,1311.0,523.0
,UCBERKELEY_AMY_6MM,,,CTX_RH_FRONTALPOLE_VOLUME,,<class 'numpy.float64'>,None,"2370.0, 381.0",2224.0,91.0,pop not found,keep,,,,,1311.0,523.0
,UCBERKELEY_AMY_6MM,,,CTX_RH_FUSIFORM_SUVR,,<class 'numpy.float64'>,None,"4.335, 0.8",2224.0,91.0,pop not found,keep,,,,,1311.0,523.0
,UCBERKELEY_AMY_6MM,,,CTX_RH_FUSIFORM_VOLUME,,<class 'numpy.float64'>,None,"14227.0, 4673.0",2223.0,92.0,pop not found,keep,,,,,1311.0,523.0
,UCBERKELEY_AMY_6MM,,,CTX_RH_INFERIORPARIETAL_SUVR,,<class 'numpy.float64'>,None,"4.717, 0.798",2224.0,91.0,pop not found,keep,,,,,1311.0,523.0
,UCBERKELEY_AMY_6MM,,,CTX_RH_INFERIORPARIETAL_VOLUME,,<class 'numpy.float64'>,None,"21817.0, 6272.0",2224.0,91.0,pop not found,keep,,,,,1311.0,523.0
,UCBERKELEY_AMY_6MM,,,CTX_RH_INFERIORTEMPORAL_SUVR,,<class 'numpy.float64'>,None,"4.886, 0.815",2224.0,91.0,pop not found,keep,,,,,1311.0,523.0
,UCBERKELEY_AMY_6MM,,,CTX_RH_INFERIORTEMPORAL_VOLUME,,<class 'numpy.float64'>,None,"16344.0, 4566.0",2223.0,92.0,pop not found,keep,,,,,1311.0,522.0
,UCBERKELEY_AMY_6MM,,,CTX_RH_INSULA_SUVR,,<class 'numpy.float64'>,None,"2.99, 0.573",2224.0,91.0,pop not found,keep,,,,,1311.0,523.0
,UCBERKELEY_AMY_6MM,,,CTX_RH_INSULA_VOLUME,,<class 'numpy.float64'>,None,"9212.0, 3635.0",2224.0,91.0,pop not found,keep,,,,,1311.0,523.0
,UCBERKELEY_AMY_6MM,,,CTX_RH_ISTHMUSCINGULATE_SUVR,,<class 'numpy.float64'>,None,"3.835, 0.609",2224.0,91.0,pop not found,keep,,,,,1311.0,523.0
,UCBERKELEY_AMY_6MM,,,CTX_RH_ISTHMUSCINGULATE_VOLUME,,<class 'numpy.float64'>,None,"4091.0, 783.0",2224.0,91.0,pop not found,keep,,,,,1311.0,523.0
,UCBERKELEY_AMY_6MM,,,CTX_RH_LATERALOCCIPITAL_SUVR,,<class 'numpy.float64'>,None,"5.236, 0.842",2224.0,91.0,pop not found,keep,,,,,1311.0,523.0
,UCBERKELEY_AMY_6MM,,,CTX_RH_LATERALOCCIPITAL_VOLUME,,<class 'numpy.float64'>,None,"18366.0, 4984.0",2224.0,91.0,pop not found,keep,,,,,1311.0,523.0
,UCBERKELEY_AMY_6MM,,,CTX_RH_LATERALORBITOFRONTAL_SUVR,,<class 'numpy.float64'>,None,"3.115, 0.656",2224.0,91.0,pop not found,keep,,,,,1311.0,523.0
,UCBERKELEY_AMY_6MM,,,CTX_RH_LATERALORBITOFRONTAL_VOLUME,,<class 'numpy.float64'>,None,"9667.0, 4176.0",2224.0,91.0,pop not found,keep,,,,,1311.0,523.0
,UCBERKELEY_AMY_6MM,,,CTX_RH_LINGUAL_SUVR,,<class 'numpy.float64'>,None,"4.088, 0.76",2224.0,91.0,pop not found,keep,,,,,1311.0,523.0
,UCBERKELEY_AMY_6MM,,,CTX_RH_LINGUAL_VOLUME,,<class 'numpy.float64'>,None,"10478.0, 3406.0",2224.0,91.0,pop not found,keep,,,,,1311.0,523.0
,UCBERKELEY_AMY_6MM,,,CTX_RH_MEDIALORBITOFRONTAL_SUVR,,<class 'numpy.float64'>,None,"3.198, 0.577",2224.0,91.0,pop not found,keep,,,,,1311.0,523.0
,UCBERKELEY_AMY_6MM,,,CTX_RH_MEDIALORBITOFRONTAL_VOLUME,,<class 'numpy.float64'>,None,"7241.0, 3216.0",2224.0,91.0,pop not found,keep,,,,,1311.0,523.0
,UCBERKELEY_AMY_6MM,,,CTX_RH_MIDDLETEMPORAL_SUVR,,<class 'numpy.float64'>,None,"4.048, 0.797",2224.0,91.0,pop not found,keep,,,,,1311.0,523.0
,UCBERKELEY_AMY_6MM,,,CTX_RH_MIDDLETEMPORAL_VOLUME,,<class 'numpy.float64'>,None,"17219.0, 5922.0",2224.0,91.0,pop not found,keep,,,,,1311.0,523.0
,UCBERKELEY_AMY_6MM,,,CTX_RH_PARACENTRAL_SUVR,,<class 'numpy.float64'>,None,"2.749, 0.517",2224.0,91.0,pop not found,keep,,,,,1311.0,523.0
,UCBERKELEY_AMY_6MM,,,CTX_RH_PARACENTRAL_VOLUME,,<class 'numpy.float64'>,None,"5526.0, 2261.0",2224.0,91.0,pop not found,keep,,,,,1311.0,523.0
,UCBERKELEY_AMY_6MM,,,CTX_RH_PARAHIPPOCAMPAL_SUVR,,<class 'numpy.float64'>,None,"3.329, 0.641",2224.0,91.0,pop not found,keep,,,,,1311.0,523.0
,UCBERKELEY_AMY_6MM,,,CTX_RH_PARAHIPPOCAMPAL_VOLUME,,<class 'numpy.float64'>,None,"2800.0, 1096.0",2224.0,91.0,pop not found,keep,,,,,1311.0,523.0
,UCBERKELEY_AMY_6MM,,,CTX_RH_PARSOPERCULARIS_SUVR,,<class 'numpy.float64'>,None,"3.672, 0.612",2224.0,91.0,pop not found,keep,,,,,1311.0,523.0
,UCBERKELEY_AMY_6MM,,,CTX_RH_PARSOPERCULARIS_VOLUME,,<class 'numpy.float64'>,None,"7542.0, 1783.0",2224.0,91.0,pop not found,keep,,,,,1311.0,523.0
,UCBERKELEY_AMY_6MM,,,CTX_RH_PARSORBITALIS_SUVR,,<class 'numpy.float64'>,None,"3.499, 0.792",2224.0,91.0,pop not found,keep,,,,,1311.0,523.0
,UCBERKELEY_AMY_6MM,,,CTX_RH_PARSORBITALIS_VOLUME,,<class 'numpy.float64'>,None,"4301.0, 1261.0",2224.0,91.0,pop not found,keep,,,,,1311.0,523.0
,UCBERKELEY_AMY_6MM,,,CTX_RH_PARSTRIANGULARIS_SUVR,,<class 'numpy.float64'>,None,"3.481, 0.743",2224.0,91.0,pop not found,keep,,,,,1311.0,523.0
,UCBERKELEY_AMY_6MM,,,CTX_RH_PARSTRIANGULARIS_VOLUME,,<class 'numpy.float64'>,None,"7512.0, 2268.0",2224.0,91.0,pop not found,keep,,,,,1311.0,523.0
,UCBERKELEY_AMY_6MM,,,CTX_RH_PERICALCARINE_SUVR,,<class 'numpy.float64'>,None,"3.823, 0.649",2224.0,91.0,pop not found,keep,,,,,1311.0,523.0
,UCBERKELEY_AMY_6MM,,,CTX_RH_PERICALCARINE_VOLUME,,<class 'numpy.float64'>,None,"4617.0, 831.0",2224.0,91.0,pop not found,keep,,,,,1311.0,523.0
,UCBERKELEY_AMY_6MM,,,CTX_RH_POSTCENTRAL_SUVR,,<class 'numpy.float64'>,None,"2.677, 0.707",2224.0,91.0,pop not found,keep,,,,,1311.0,523.0
,UCBERKELEY_AMY_6MM,,,CTX_RH_POSTCENTRAL_VOLUME,,<class 'numpy.float64'>,None,"13254.0, 4677.0",2224.0,91.0,pop not found,keep,,,,,1311.0,523.0
,UCBERKELEY_AMY_6MM,,,CTX_RH_POSTERIORCINGULATE_SUVR,,<class 'numpy.float64'>,None,"3.412, 0.526",2224.0,91.0,pop not found,keep,,,,,1311.0,523.0
,UCBERKELEY_AMY_6MM,,,CTX_RH_POSTERIORCINGULATE_VOLUME,,<class 'numpy.float64'>,None,"6621.0, 994.0",2224.0,91.0,pop not found,keep,,,,,1311.0,523.0
,UCBERKELEY_AMY_6MM,,,CTX_RH_PRECENTRAL_SUVR,,<class 'numpy.float64'>,None,"2.176, 0.617",2224.0,91.0,pop not found,keep,,,,,1311.0,523.0
,UCBERKELEY_AMY_6MM,,,CTX_RH_PRECENTRAL_VOLUME,,<class 'numpy.float64'>,None,"18058.0, 6369.0",2224.0,91.0,pop not found,keep,,,,,1311.0,523.0
,UCBERKELEY_AMY_6MM,,,CTX_RH_PRECUNEUS_SUVR,,<class 'numpy.float64'>,None,"3.817, 0.638",2224.0,91.0,pop not found,keep,,,,,1311.0,523.0
,UCBERKELEY_AMY_6MM,,,CTX_RH_PRECUNEUS_VOLUME,,<class 'numpy.float64'>,None,"14854.0, 5009.0",2224.0,91.0,pop not found,keep,,,,,1311.0,523.0
,UCBERKELEY_AMY_6MM,,,CTX_RH_ROSTRALANTERIORCINGULATE_SUVR,,<class 'numpy.float64'>,None,"2.942, 0.549",2224.0,91.0,pop not found,keep,,,,,1311.0,523.0
,UCBERKELEY_AMY_6MM,,,CTX_RH_ROSTRALANTERIORCINGULATE_VOLUME,,<class 'numpy.float64'>,None,"3508.0, 559.0",2224.0,91.0,pop not found,keep,,,,,1311.0,523.0
,UCBERKELEY_AMY_6MM,,,CTX_RH_ROSTRALMIDDLEFRONTAL_SUVR,,<class 'numpy.float64'>,None,"4.42, 0.693",2224.0,91.0,pop not found,keep,,,,,1311.0,523.0
,UCBERKELEY_AMY_6MM,,,CTX_RH_ROSTRALMIDDLEFRONTAL_VOLUME,,<class 'numpy.float64'>,None,"26835.0, 7884.0",2224.0,91.0,pop not found,keep,,,,,1311.0,523.0
,UCBERKELEY_AMY_6MM,,,CTX_RH_SUPERIORFRONTAL_SUVR,,<class 'numpy.float64'>,None,"2.784, 0.555",2224.0,91.0,pop not found,keep,,,,,1311.0,523.0
,UCBERKELEY_AMY_6MM,,,CTX_RH_SUPERIORFRONTAL_VOLUME,,<class 'numpy.float64'>,None,"29394.0, 10729.0",2224.0,91.0,pop not found,keep,,,,,1311.0,523.0
,UCBERKELEY_AMY_6MM,,,CTX_RH_SUPERIORPARIETAL_SUVR,,<class 'numpy.float64'>,None,"4.144, 0.679",2224.0,91.0,pop not found,keep,,,,,1311.0,523.0
,UCBERKELEY_AMY_6MM,,,CTX_RH_SUPERIORPARIETAL_VOLUME,,<class 'numpy.float64'>,None,"18993.0, 6110.0",2223.0,92.0,pop not found,keep,,,,,1311.0,522.0
,UCBERKELEY_AMY_6MM,,,CTX_RH_SUPERIORTEMPORAL_SUVR,,<class 'numpy.float64'>,None,"3.153, 0.718",2224.0,91.0,pop not found,keep,,,,,1311.0,523.0
,UCBERKELEY_AMY_6MM,,,CTX_RH_SUPERIORTEMPORAL_VOLUME,,<class 'numpy.float64'>,None,"15383.0, 5963.0",2224.0,91.0,pop not found,keep,,,,,1311.0,523.0
,UCBERKELEY_AMY_6MM,,,CTX_RH_SUPRAMARGINAL_SUVR,,<class 'numpy.float64'>,None,"3.95, 0.726",2224.0,91.0,pop not found,keep,,,,,1311.0,523.0
,UCBERKELEY_AMY_6MM,,,CTX_RH_SUPRAMARGINAL_VOLUME,,<class 'numpy.float64'>,None,"14663.0, 4622.0",2224.0,91.0,pop not found,keep,,,,,1311.0,523.0
,UCBERKELEY_AMY_6MM,,,CTX_RH_TEMPORALPOLE_SUVR,,<class 'numpy.float64'>,None,"3.802, 0.727",2224.0,91.0,pop not found,keep,,,,,1311.0,523.0
,UCBERKELEY_AMY_6MM,,,CTX_RH_TEMPORALPOLE_VOLUME,,<class 'numpy.float64'>,None,"4666.0, 287.0",2224.0,91.0,pop not found,keep,,,,,1311.0,523.0
,UCBERKELEY_AMY_6MM,,,CTX_RH_TRANSVERSETEMPORAL_SUVR,,<class 'numpy.float64'>,None,"2.637, 0.589",2224.0,91.0,pop not found,keep,,,,,1311.0,523.0
,UCBERKELEY_AMY_6MM,,,CTX_RH_TRANSVERSETEMPORAL_VOLUME,,<class 'numpy.float64'>,None,"1566.0, 461.0",2224.0,91.0,pop not found,keep,,,,,1311.0,523.0
,UCBERKELEY_AMY_6MM,,,LEFT_ACCUMBENS_AREA_SUVR,,<class 'numpy.float64'>,None,"2.533, 0.391",2224.0,91.0,pop not found,keep,,,,,1311.0,523.0
,UCBERKELEY_AMY_6MM,,,LEFT_ACCUMBENS_AREA_VOLUME,,<class 'numpy.float64'>,None,"821.0, 116.0",2224.0,91.0,pop not found,keep,,,,,1311.0,523.0
,UCBERKELEY_AMY_6MM,,,LEFT_AMYGDALA_SUVR,,<class 'numpy.float64'>,None,"3.177, 0.452",2224.0,91.0,pop not found,keep,,,,,1311.0,523.0
,UCBERKELEY_AMY_6MM,,,LEFT_AMYGDALA_VOLUME,,<class 'numpy.float64'>,None,"2468.0, 375.0",2224.0,91.0,pop not found,keep,,,,,1311.0,523.0
,UCBERKELEY_AMY_6MM,,,LEFT_CAUDATE_SUVR,,<class 'numpy.float64'>,None,"1.709, 0.435",2224.0,91.0,pop not found,keep,,,,,1311.0,523.0
,UCBERKELEY_AMY_6MM,,,LEFT_CAUDATE_VOLUME,,<class 'numpy.float64'>,None,"5745.0, 1871.0",2224.0,91.0,pop not found,keep,,,,,1311.0,523.0
,UCBERKELEY_AMY_6MM,,,LEFT_CEREBELLUM_CORTEX_SUVR,,<class 'numpy.float64'>,None,"1.232, 0.939",2224.0,91.0,pop not found,keep,,,,,1311.0,523.0
,UCBERKELEY_AMY_6MM,,,LEFT_CEREBELLUM_CORTEX_VOLUME,,<class 'numpy.float64'>,None,"69630.0, 34655.0",2224.0,91.0,pop not found,keep,,,,,1311.0,523.0
,UCBERKELEY_AMY_6MM,,,LEFT_CEREBELLUM_WHITE_MATTER_SUVR,,<class 'numpy.float64'>,None,"1.502, 0.597",2224.0,91.0,pop not found,keep,,,,,1311.0,523.0
,UCBERKELEY_AMY_6MM,,,LEFT_CEREBELLUM_WHITE_MATTER_VOLUME,,<class 'numpy.float64'>,None,"26253.0, 6892.0",2224.0,91.0,pop not found,keep,,,,,1311.0,523.0
,UCBERKELEY_AMY_6MM,,,LEFT_CEREBRAL_WHITE_MATTER_SUVR,,<class 'numpy.float64'>,None,"2.69, 0.519",2224.0,91.0,pop not found,keep,,,,,1311.0,523.0
,UCBERKELEY_AMY_6MM,,,LEFT_CEREBRAL_WHITE_MATTER_VOLUME,,<class 'numpy.float64'>,None,"354965.0, 30465.0",2224.0,91.0,pop not found,keep,,,,,1311.0,523.0
,UCBERKELEY_AMY_6MM,,,LEFT_CHOROID_PLEXUS_SUVR,,<class 'numpy.float64'>,None,"3.683, 0.486",2224.0,91.0,pop not found,keep,,,,,1311.0,523.0
,UCBERKELEY_AMY_6MM,,,LEFT_CHOROID_PLEXUS_VOLUME,,<class 'numpy.float64'>,None,"1916.0, 130.0",2224.0,91.0,pop not found,keep,,,,,1311.0,523.0
,UCBERKELEY_AMY_6MM,,,LEFT_HIPPOCAMPUS_SUVR,,<class 'numpy.float64'>,None,"2.73, 0.516",2224.0,91.0,pop not found,keep,,,,,1311.0,523.0
,UCBERKELEY_AMY_6MM,,,LEFT_HIPPOCAMPUS_VOLUME,,<class 'numpy.float64'>,None,"6080.0, 1314.0",2224.0,91.0,pop not found,keep,,,,,1311.0,523.0
,UCBERKELEY_AMY_6MM,,,LEFT_INF_LAT_VENT_SUVR,,<class 'numpy.float64'>,None,"2.297, 0.509",2224.0,91.0,pop not found,keep,,,,,1311.0,523.0
,UCBERKELEY_AMY_6MM,,,LEFT_INF_LAT_VENT_VOLUME,,<class 'numpy.float64'>,None,"11328.0, 53.0",2224.0,91.0,pop not found,keep,,,,,1311.0,523.0
,UCBERKELEY_AMY_6MM,,,LEFT_LATERAL_VENTRICLE_SUVR,,<class 'numpy.float64'>,None,"1.454, 0.214",2224.0,91.0,pop not found,keep,,,,,1311.0,523.0
,UCBERKELEY_AMY_6MM,,,LEFT_LATERAL_VENTRICLE_VOLUME,,<class 'numpy.float64'>,None,"79775.0, 3016.0",2224.0,91.0,pop not found,keep,,,,,1311.0,523.0
,UCBERKELEY_AMY_6MM,,,LEFT_PALLIDUM_SUVR,,<class 'numpy.float64'>,None,"2.591, 0.48",2224.0,91.0,pop not found,keep,,,,,1311.0,523.0
,UCBERKELEY_AMY_6MM,,,LEFT_PALLIDUM_VOLUME,,<class 'numpy.float64'>,None,"3436.0, 1090.0",2224.0,91.0,pop not found,keep,,,,,1311.0,523.0
,UCBERKELEY_AMY_6MM,,,LEFT_PUTAMEN_SUVR,,<class 'numpy.float64'>,None,"2.322, 0.516",2224.0,91.0,pop not found,keep,,,,,1311.0,523.0
,UCBERKELEY_AMY_6MM,,,LEFT_PUTAMEN_VOLUME,,<class 'numpy.float64'>,None,"7466.0, 1945.0",2224.0,91.0,pop not found,keep,,,,,1311.0,523.0
,UCBERKELEY_AMY_6MM,,,LEFT_THALAMUS_PROPER_SUVR,,<class 'numpy.float64'>,None,"2.057, 0.496",2224.0,91.0,pop not found,keep,,,,,1311.0,523.0
,UCBERKELEY_AMY_6MM,,,LEFT_THALAMUS_PROPER_VOLUME,,<class 'numpy.float64'>,None,"10060.0, 3953.0",2224.0,91.0,pop not found,keep,,,,,1311.0,523.0
,UCBERKELEY_AMY_6MM,,,LEFT_VENTRALDC_SUVR,,<class 'numpy.float64'>,None,"1.818, 0.511",2224.0,91.0,pop not found,keep,,,,,1311.0,523.0
,UCBERKELEY_AMY_6MM,,,LEFT_VENTRALDC_VOLUME,,<class 'numpy.float64'>,None,"5708.0, 2259.0",2224.0,91.0,pop not found,keep,,,,,1311.0,523.0
,UCBERKELEY_AMY_6MM,,,LEFT_VESSEL_SUVR,,<class 'numpy.float64'>,None,"2.342, 0.53",2166.0,149.0,pop not found,keep,,,,,1284.0,508.0
,UCBERKELEY_AMY_6MM,,,LEFT_VESSEL_VOLUME,,<class 'numpy.float64'>,None,"537.0, 1.0",2166.0,149.0,pop not found,keep,,,,,1284.0,508.0
,UCBERKELEY_AMY_6MM,,,RIGHT_ACCUMBENS_AREA_SUVR,,<class 'numpy.float64'>,None,"2.439, 0.411",2224.0,91.0,pop not found,keep,,,,,1311.0,523.0
,UCBERKELEY_AMY_6MM,,,RIGHT_ACCUMBENS_AREA_VOLUME,,<class 'numpy.float64'>,None,"815.0, 114.0",2224.0,91.0,pop not found,keep,,,,,1311.0,523.0
,UCBERKELEY_AMY_6MM,,,RIGHT_AMYGDALA_SUVR,,<class 'numpy.float64'>,None,"3.397, 0.445",2224.0,91.0,pop not found,keep,,,,,1311.0,523.0
,UCBERKELEY_AMY_6MM,,,RIGHT_AMYGDALA_VOLUME,,<class 'numpy.float64'>,None,"2453.0, 595.0",2224.0,91.0,pop not found,keep,,,,,1311.0,523.0
,UCBERKELEY_AMY_6MM,,,RIGHT_CAUDATE_SUVR,,<class 'numpy.float64'>,None,"1.721, 0.423",2224.0,91.0,pop not found,keep,,,,,1311.0,523.0
,UCBERKELEY_AMY_6MM,,,RIGHT_CAUDATE_VOLUME,,<class 'numpy.float64'>,None,"6880.0, 1717.0",2224.0,91.0,pop not found,keep,,,,,1311.0,523.0
,UCBERKELEY_AMY_6MM,,,RIGHT_CEREBELLUM_CORTEX_SUVR,,<class 'numpy.float64'>,None,"1.361, 0.94",2224.0,91.0,pop not found,keep,,,,,1311.0,523.0
,UCBERKELEY_AMY_6MM,,,RIGHT_CEREBELLUM_CORTEX_VOLUME,,<class 'numpy.float64'>,None,"73171.0, 34177.0",2224.0,91.0,pop not found,keep,,,,,1311.0,523.0
,UCBERKELEY_AMY_6MM,,,RIGHT_CEREBELLUM_WHITE_MATTER_SUVR,,<class 'numpy.float64'>,None,"1.559, 0.58",2224.0,91.0,pop not found,keep,,,,,1311.0,523.0
,UCBERKELEY_AMY_6MM,,,RIGHT_CEREBELLUM_WHITE_MATTER_VOLUME,,<class 'numpy.float64'>,None,"22532.0, 6779.0",2224.0,91.0,pop not found,keep,,,,,1311.0,523.0
,UCBERKELEY_AMY_6MM,,,RIGHT_CEREBRAL_WHITE_MATTER_SUVR,,<class 'numpy.float64'>,None,"2.462, 0.514",2224.0,91.0,pop not found,keep,,,,,1311.0,523.0
,UCBERKELEY_AMY_6MM,,,RIGHT_CEREBRAL_WHITE_MATTER_VOLUME,,<class 'numpy.float64'>,None,"363072.0, 129854.0",2224.0,91.0,pop not found,keep,,,,,1311.0,523.0
,UCBERKELEY_AMY_6MM,,,RIGHT_CHOROID_PLEXUS_SUVR,,<class 'numpy.float64'>,None,"3.537, 0.506",2224.0,91.0,pop not found,keep,,,,,1311.0,523.0
,UCBERKELEY_AMY_6MM,,,RIGHT_CHOROID_PLEXUS_VOLUME,,<class 'numpy.float64'>,None,"1912.0, 126.0",2224.0,91.0,pop not found,keep,,,,,1311.0,523.0
,UCBERKELEY_AMY_6MM,,,RIGHT_HIPPOCAMPUS_SUVR,,<class 'numpy.float64'>,None,"2.787, 0.509",2224.0,91.0,pop not found,keep,,,,,1311.0,523.0
,UCBERKELEY_AMY_6MM,,,RIGHT_HIPPOCAMPUS_VOLUME,,<class 'numpy.float64'>,None,"5775.0, 852.0",2224.0,91.0,pop not found,keep,,,,,1311.0,523.0
,UCBERKELEY_AMY_6MM,,,RIGHT_INF_LAT_VENT_SUVR,,<class 'numpy.float64'>,None,"2.447, 0.448",2224.0,91.0,pop not found,keep,,,,,1311.0,523.0
,UCBERKELEY_AMY_6MM,,,RIGHT_INF_LAT_VENT_VOLUME,,<class 'numpy.float64'>,None,"7228.0, 58.0",2224.0,91.0,pop not found,keep,,,,,1311.0,523.0
,UCBERKELEY_AMY_6MM,,,RIGHT_LATERAL_VENTRICLE_SUVR,,<class 'numpy.float64'>,None,"1.502, 0.221",2224.0,91.0,pop not found,keep,,,,,1311.0,523.0
,UCBERKELEY_AMY_6MM,,,RIGHT_LATERAL_VENTRICLE_VOLUME,,<class 'numpy.float64'>,None,"71992.0, 2442.0",2224.0,91.0,pop not found,keep,,,,,1311.0,523.0
,UCBERKELEY_AMY_6MM,,,RIGHT_PALLIDUM_SUVR,,<class 'numpy.float64'>,None,"2.574, 0.471",2224.0,91.0,pop not found,keep,,,,,1311.0,523.0
,UCBERKELEY_AMY_6MM,,,RIGHT_PALLIDUM_VOLUME,,<class 'numpy.float64'>,None,"3207.0, 688.0",2224.0,91.0,pop not found,keep,,,,,1311.0,523.0
,UCBERKELEY_AMY_6MM,,,RIGHT_PUTAMEN_SUVR,,<class 'numpy.float64'>,None,"2.56, 0.487",2224.0,91.0,pop not found,keep,,,,,1311.0,523.0
,UCBERKELEY_AMY_6MM,,,RIGHT_PUTAMEN_VOLUME,,<class 'numpy.float64'>,None,"8026.0, 2106.0",2224.0,91.0,pop not found,keep,,,,,1311.0,523.0
,UCBERKELEY_AMY_6MM,,,RIGHT_THALAMUS_PROPER_SUVR,,<class 'numpy.float64'>,None,"2.123, 0.468",2224.0,91.0,pop not found,keep,,,,,1311.0,523.0
,UCBERKELEY_AMY_6MM,,,RIGHT_THALAMUS_PROPER_VOLUME,,<class 'numpy.float64'>,None,"10406.0, 3522.0",2224.0,91.0,pop not found,keep,,,,,1311.0,523.0
,UCBERKELEY_AMY_6MM,,,RIGHT_VENTRALDC_SUVR,,<class 'numpy.float64'>,None,"1.847, 0.51",2224.0,91.0,pop not found,keep,,,,,1311.0,523.0
,UCBERKELEY_AMY_6MM,,,RIGHT_VENTRALDC_VOLUME,,<class 'numpy.float64'>,None,"5674.0, 1892.0",2224.0,91.0,pop not found,keep,,,,,1311.0,523.0
,UCBERKELEY_AMY_6MM,,,RIGHT_VESSEL_SUVR,,<class 'numpy.float64'>,None,"2.188, 0.502",2140.0,175.0,pop not found,keep,,,,,1273.0,505.0
,UCBERKELEY_AMY_6MM,,,RIGHT_VESSEL_VOLUME,,<class 'numpy.float64'>,None,"278.0, 1.0",2140.0,175.0,pop not found,keep,,,,,1273.0,505.0
,UCBERKELEY_AMY_6MM,,,Npositive,,<class 'numpy.float64'>,"0.0, nan","0.0, 0.0",2224.0,91.0,pop not found,keep,,,,,1311.0,523.0
,UCBERKELEY_TAUPVC_6MM,,CSF_SUVR,CSF_SUVR,,<class 'numpy.float64'>,None,"1.629, 0.451",2224.0,91.0,pop not found,keep,predittore,,,,1311.0,523.0
,UCBERKELEY_TAUPVC_6MM,,,RID,,<class 'numpy.int64'>,None,"10875.0, 21.0",2315.0,0.0,pop not found,keep,,,,,1346.0,547.0
,UCBERKELEY_TAUPVC_6MM,,,VISCODE2,,<class 'str'>,"m144, m150, m162, m156, m168",None,2315.0,0.0,pop not found,keep,,,,,1346.0,547.0
,UCBERKELEY_TAUPVC_6MM,,,SCANDATE,,<class 'str'>,"2018-02-02, 2018-04-24, 2019-04-23, 2018-02-20, 2019-01-10",None,2315.0,0.0,pop not found,keep,,,,,1346.0,547.0
,UCBERKELEY_TAUPVC_6MM,,,CTX_ENTORHINAL_VOLUME,,<class 'numpy.float64'>,None,"5946.0, 746.0",2224.0,91.0,pop not found,keep,predittore,,,,1311.0,523.0
,UCBERKELEY_TAUPVC_6MM,,,CSF_VOLUME,,<class 'numpy.float64'>,None,"3763.0, 628.0",2224.0,91.0,pop not found,keep,predittore,,,,1311.0,523.0
,UCBERKELEY_TAUPVC_6MM,,,CTX_FUSIFORM_VOLUME,,<class 'numpy.float64'>,None,"26688.0, 9510.0",2224.0,91.0,pop not found,keep,predittore,,,,1311.0,523.0
,UCBERKELEY_TAUPVC_6MM,,,CTX_INFERIORPARIETAL_VOLUME,,<class 'numpy.float64'>,None,"37678.0, 12378.0",2224.0,91.0,pop not found,keep,predittore,,,,1311.0,523.0
,UCBERKELEY_TAUPVC_6MM,,,CTX_INFERIORTEMPORAL_VOLUME,,<class 'numpy.float64'>,None,"31454.0, 9660.0",2224.0,91.0,pop not found,keep,predittore,,,,1311.0,523.0
,UCBERKELEY_TAUPVC_6MM,,,CTX_LATERALOCCIPITAL_VOLUME,,<class 'numpy.float64'>,None,"35627.0, 9370.0",2224.0,91.0,pop not found,keep,predittore,,,,1311.0,523.0
,UCBERKELEY_TAUPVC_6MM,,,CTX_MIDDLETEMPORAL_VOLUME,,<class 'numpy.float64'>,None,"31685.0, 11213.0",2224.0,91.0,pop not found,keep,predittore,,,,1311.0,523.0
,UCBERKELEY_TAUPVC_6MM,,,CTX_PARAHIPPOCAMPAL_VOLUME,,<class 'numpy.float64'>,None,"5685.0, 1751.0",2224.0,91.0,pop not found,keep,predittore,,,,1311.0,523.0
,UCBERKELEY_TAUPVC_6MM,,,CTX_PRECUNEUS_VOLUME,,<class 'numpy.float64'>,None,"27581.0, 9272.0",2224.0,91.0,pop not found,keep,predittore,,,,1311.0,523.0
,UCBERKELEY_TAUPVC_6MM,,,Apositive,,<class 'numpy.float64'>,"1.0, 0.0, nan","1.0, 0.0",2224.0,91.0,pop not found,keep,,,,,1311.0,523.0
,UCBERKELEY_TAUPVC_6MM,,,Tpositive,,<class 'numpy.float64'>,"1.0, 0.0, nan","1.0, 0.0",2224.0,91.0,pop not found,keep,,,,,1311.0,523.0
,UCBERKELEY_TAUPVC_6MM,,,LONIUID,,<class 'numpy.int64'>,None,"11432364.0, 513671.0",2315.0,0.0,pop not found,keep,,,,,1346.0,547.0
,UCBERKELEY_TAUPVC_6MM,,,PTID,,<class 'str'>,"011_S_0021, 023_S_0031, 067_S_0056, 067_S_0059, 100_S_0069",None,2315.0,0.0,pop not found,keep,,,,,1346.0,547.0
,UCBERKELEY_TAUPVC_6MM,,,SITEID,,<class 'numpy.int64'>,None,"941.0, 2.0",2315.0,0.0,pop not found,keep,,,,,1346.0,547.0
,UCBERKELEY_TAUPVC_6MM,,,PROCESSDATE,,<class 'str'>,"2022-09-02, 2024-08-02, 2025-07-02, 2024-02-15, 2024-08-22",None,2315.0,0.0,pop not found,keep,,,,,1346.0,547.0
,UCBERKELEY_TAUPVC_6MM,,,TRACER,,<class 'str'>,"FTP, MK6240, PI2620",None,2315.0,0.0,pop not found,keep,,,,,1346.0,547.0
,UCBERKELEY_TAUPVC_6MM,,,TRACER_SUVR_WARNING,,<class 'str'>,DO NOT COMPARE SUVRs ACROSS TRACERS,None,2315.0,0.0,pop not found,keep,,,,,1346.0,547.0
,UCBERKELEY_TAUPVC_6MM,,,META_TEMPORAL_SUVR,,<class 'numpy.float64'>,None,"3.833, 0.774",2315.0,0.0,pop not found,keep,,,,,1346.0,547.0
,UCBERKELEY_TAUPVC_6MM,,,META_TEMPORAL_VOLUME,,<class 'numpy.float64'>,None,"97274.0, 36639.0",2224.0,91.0,pop not found,keep,,,,,1311.0,523.0
,UCBERKELEY_TAUPVC_6MM,,,CTX_ENTORHINAL_SUVR,,<class 'numpy.float64'>,None,"3.398, 0.674",2315.0,0.0,pop not found,keep,,,,,1346.0,547.0
,UCBERKELEY_TAUPVC_6MM,,,INFERIORCEREBELLUM_SUVR,,<class 'numpy.float64'>,1.0,"1.0, 1.0",2315.0,0.0,pop not found,keep,,,,,1346.0,547.0
,UCBERKELEY_TAUPVC_6MM,,,INFERIORCEREBELLUM_VOLUME,,<class 'numpy.float64'>,None,"87660.0, 40753.0",2224.0,91.0,pop not found,keep,,,,,1311.0,523.0
,UCBERKELEY_TAUPVC_6MM,,,BRAINSTEM_SUVR,,<class 'numpy.float64'>,None,"1.562, 0.46",2224.0,91.0,pop not found,keep,,,,,1311.0,523.0
,UCBERKELEY_TAUPVC_6MM,,,BRAINSTEM_VOLUME,,<class 'numpy.float64'>,None,"31388.0, 13764.0",2224.0,91.0,pop not found,keep,,,,,1311.0,523.0
,UCBERKELEY_TAUPVC_6MM,,,CC_ANTERIOR_SUVR,,<class 'numpy.float64'>,None,"1.376, 0.445",2224.0,91.0,pop not found,keep,,,,,1311.0,523.0
,UCBERKELEY_TAUPVC_6MM,,,CC_ANTERIOR_VOLUME,,<class 'numpy.float64'>,None,"1763.0, 67.0",2224.0,91.0,pop not found,keep,,,,,1311.0,523.0
,UCBERKELEY_TAUPVC_6MM,,,CC_CENTRAL_SUVR,,<class 'numpy.float64'>,None,"1.581, 0.429",2224.0,91.0,pop not found,keep,,,,,1311.0,523.0
,UCBERKELEY_TAUPVC_6MM,,,CC_CENTRAL_VOLUME,,<class 'numpy.float64'>,None,"1380.0, 233.0",2224.0,91.0,pop not found,keep,,,,,1311.0,523.0
,UCBERKELEY_TAUPVC_6MM,,,CC_MID_ANTERIOR_SUVR,,<class 'numpy.float64'>,None,"1.486, 0.444",2224.0,91.0,pop not found,keep,,,,,1311.0,523.0
,UCBERKELEY_TAUPVC_6MM,,,CC_MID_ANTERIOR_VOLUME,,<class 'numpy.float64'>,None,"1241.0, 59.0",2224.0,91.0,pop not found,keep,,,,,1311.0,523.0
,UCBERKELEY_TAUPVC_6MM,,,CC_MID_POSTERIOR_SUVR,,<class 'numpy.float64'>,None,"1.52, 0.329",2224.0,91.0,pop not found,keep,,,,,1311.0,523.0
,UCBERKELEY_TAUPVC_6MM,,,CC_MID_POSTERIOR_VOLUME,,<class 'numpy.float64'>,None,"1659.0, 189.0",2224.0,91.0,pop not found,keep,,,,,1311.0,523.0
,UCBERKELEY_TAUPVC_6MM,,,CC_POSTERIOR_SUVR,,<class 'numpy.float64'>,None,"2.063, 0.514",2224.0,91.0,pop not found,keep,,,,,1311.0,523.0
,UCBERKELEY_TAUPVC_6MM,,,CC_POSTERIOR_VOLUME,,<class 'numpy.float64'>,None,"2196.0, 259.0",2224.0,91.0,pop not found,keep,,,,,1311.0,523.0
,UCBERKELEY_TAUPVC_6MM,,,VENTRICLE_3RD_SUVR,,<class 'numpy.float64'>,None,"1.243, 0.382",2224.0,91.0,pop not found,keep,,,,,1311.0,523.0
,UCBERKELEY_TAUPVC_6MM,,,VENTRICLE_3RD_VOLUME,,<class 'numpy.float64'>,None,"5244.0, 484.0",2224.0,91.0,pop not found,keep,,,,,1311.0,523.0
,UCBERKELEY_TAUPVC_6MM,,,VENTRICLE_4TH_SUVR,,<class 'numpy.float64'>,None,"1.633, 0.471",2224.0,91.0,pop not found,keep,,,,,1311.0,523.0
,UCBERKELEY_TAUPVC_6MM,,,VENTRICLE_4TH_VOLUME,,<class 'numpy.float64'>,None,"5081.0, 739.0",2224.0,91.0,pop not found,keep,,,,,1311.0,523.0
,UCBERKELEY_TAUPVC_6MM,,,VENTRICLE_5TH_SUVR,,<class 'numpy.float64'>,None,"0.861, 0.257",24.0,2291.0,pop not found,drop,,,,,22.0,2.0
,UCBERKELEY_TAUPVC_6MM,,,VENTRICLE_5TH_VOLUME,,<class 'numpy.float64'>,"nan, 3.0, 8.0, 4.0, 2.0, 1.0, 10.0, 6.0, 11.0","11.0, 1.0",24.0,2291.0,pop not found,drop,,,,,22.0,2.0
,UCBERKELEY_TAUPVC_6MM,,,WM_HYPOINTENSITIES_SUVR,,<class 'numpy.float64'>,None,"1.534, 0.454",2224.0,91.0,pop not found,keep,,,,,1311.0,523.0
,UCBERKELEY_TAUPVC_6MM,,,WM_HYPOINTENSITIES_VOLUME,,<class 'numpy.float64'>,None,"72336.0, 268.0",2224.0,91.0,pop not found,keep,,,,,1311.0,523.0
,UCBERKELEY_TAUPVC_6MM,,,NON_WM_HYPOINTENSITIES_SUVR,,<class 'numpy.float64'>,None,"1.867, 0.276",172.0,2143.0,pop not found,drop,,,,,144.0,21.0
,UCBERKELEY_TAUPVC_6MM,,,NON_WM_HYPOINTENSITIES_VOLUME,,<class 'numpy.float64'>,None,"233.0, 1.0",172.0,2143.0,pop not found,drop,,,,,144.0,21.0
,UCBERKELEY_TAUPVC_6MM,,,CTX_BANKSSTS_SUVR,,<class 'numpy.float64'>,None,"4.493, 0.629",2224.0,91.0,pop not found,keep,,,,,1311.0,523.0
,UCBERKELEY_TAUPVC_6MM,,,CTX_BANKSSTS_VOLUME,,<class 'numpy.float64'>,None,"8963.0, 2121.0",2224.0,91.0,pop not found,keep,,,,,1311.0,523.0
,UCBERKELEY_TAUPVC_6MM,,,CTX_CAUDALANTERIORCINGULATE_SUVR,,<class 'numpy.float64'>,None,"2.575, 0.531",2224.0,91.0,pop not found,keep,,,,,1311.0,523.0
,UCBERKELEY_TAUPVC_6MM,,,CTX_CAUDALANTERIORCINGULATE_VOLUME,,<class 'numpy.float64'>,None,"8378.0, 1309.0",2224.0,91.0,pop not found,keep,,,,,1311.0,523.0
,UCBERKELEY_TAUPVC_6MM,,,CTX_CAUDALMIDDLEFRONTAL_SUVR,,<class 'numpy.float64'>,None,"3.909, 0.587",2224.0,91.0,pop not found,keep,,,,,1311.0,523.0
,UCBERKELEY_TAUPVC_6MM,,,CTX_CAUDALMIDDLEFRONTAL_VOLUME,,<class 'numpy.float64'>,None,"16670.0, 5775.0",2224.0,91.0,pop not found,keep,,,,,1311.0,523.0
,UCBERKELEY_TAUPVC_6MM,,,CTX_CUNEUS_SUVR,,<class 'numpy.float64'>,None,"4.443, 0.757",2224.0,91.0,pop not found,keep,,,,,1311.0,523.0
,UCBERKELEY_TAUPVC_6MM,,,CTX_CUNEUS_VOLUME,,<class 'numpy.float64'>,None,"10467.0, 3366.0",2224.0,91.0,pop not found,keep,,,,,1311.0,523.0
,UCBERKELEY_TAUPVC_6MM,,,CTX_FRONTALPOLE_SUVR,,<class 'numpy.float64'>,None,"3.382, 0.555",2224.0,91.0,pop not found,keep,,,,,1311.0,523.0
,UCBERKELEY_TAUPVC_6MM,,,CTX_FRONTALPOLE_VOLUME,,<class 'numpy.float64'>,None,"3888.0, 982.0",2224.0,91.0,pop not found,keep,,,,,1311.0,523.0
,UCBERKELEY_TAUPVC_6MM,,,CTX_FUSIFORM_SUVR,,<class 'numpy.float64'>,None,"4.095, 0.8",2224.0,91.0,pop not found,keep,,,,,1311.0,523.0
,UCBERKELEY_TAUPVC_6MM,,,CTX_INFERIORPARIETAL_SUVR,,<class 'numpy.float64'>,None,"4.384, 0.807",2224.0,91.0,pop not found,keep,,,,,1311.0,523.0
,UCBERKELEY_TAUPVC_6MM,,,CTX_INFERIORTEMPORAL_SUVR,,<class 'numpy.float64'>,None,"4.528, 0.803",2224.0,91.0,pop not found,keep,,,,,1311.0,523.0
,UCBERKELEY_TAUPVC_6MM,,,CTX_INSULA_SUVR,,<class 'numpy.float64'>,None,"2.95, 0.574",2224.0,91.0,pop not found,keep,,,,,1311.0,523.0
,UCBERKELEY_TAUPVC_6MM,,,CTX_INSULA_VOLUME,,<class 'numpy.float64'>,None,"27196.0, 7460.0",2224.0,91.0,pop not found,keep,,,,,1311.0,523.0
,UCBERKELEY_TAUPVC_6MM,,,CTX_ISTHMUSCINGULATE_SUVR,,<class 'numpy.float64'>,None,"3.888, 0.626",2224.0,91.0,pop not found,keep,,,,,1311.0,523.0
,UCBERKELEY_TAUPVC_6MM,,,CTX_ISTHMUSCINGULATE_VOLUME,,<class 'numpy.float64'>,None,"9811.0, 1985.0",2224.0,91.0,pop not found,keep,,,,,1311.0,523.0
,UCBERKELEY_TAUPVC_6MM,,,CTX_LATERALOCCIPITAL_SUVR,,<class 'numpy.float64'>,None,"5.025, 0.853",2224.0,91.0,pop not found,keep,,,,,1311.0,523.0
,UCBERKELEY_TAUPVC_6MM,,,CTX_LATERALORBITOFRONTAL_SUVR,,<class 'numpy.float64'>,None,"3.399, 0.656",2224.0,91.0,pop not found,keep,,,,,1311.0,523.0
,UCBERKELEY_TAUPVC_6MM,,,CTX_LATERALORBITOFRONTAL_VOLUME,,<class 'numpy.float64'>,None,"18822.0, 8842.0",2224.0,91.0,pop not found,keep,,,,,1311.0,523.0
,UCBERKELEY_TAUPVC_6MM,,,CTX_LINGUAL_SUVR,,<class 'numpy.float64'>,None,"3.919, 0.796",2224.0,91.0,pop not found,keep,,,,,1311.0,523.0
,UCBERKELEY_TAUPVC_6MM,,,CTX_LINGUAL_VOLUME,,<class 'numpy.float64'>,None,"20629.0, 5946.0",2224.0,91.0,pop not found,keep,,,,,1311.0,523.0
,UCBERKELEY_TAUPVC_6MM,,,CTX_MEDIALORBITOFRONTAL_SUVR,,<class 'numpy.float64'>,None,"3.174, 0.576",2224.0,91.0,pop not found,keep,,,,,1311.0,523.0
,UCBERKELEY_TAUPVC_6MM,,,CTX_MEDIALORBITOFRONTAL_VOLUME,,<class 'numpy.float64'>,None,"13876.0, 6625.0",2222.0,93.0,pop not found,keep,,,,,1311.0,522.0
,UCBERKELEY_TAUPVC_6MM,,,CTX_MIDDLETEMPORAL_SUVR,,<class 'numpy.float64'>,None,"4.0, 0.793",2224.0,91.0,pop not found,keep,,,,,1311.0,523.0
,UCBERKELEY_TAUPVC_6MM,,,CTX_PARACENTRAL_SUVR,,<class 'numpy.float64'>,None,"2.363, 0.552",2224.0,91.0,pop not found,keep,,,,,1311.0,523.0
,UCBERKELEY_TAUPVC_6MM,,,CTX_PARACENTRAL_VOLUME,,<class 'numpy.float64'>,None,"10986.0, 4500.0",2224.0,91.0,pop not found,keep,,,,,1311.0,523.0
,UCBERKELEY_TAUPVC_6MM,,,CTX_PARAHIPPOCAMPAL_SUVR,,<class 'numpy.float64'>,None,"3.196, 0.682",2224.0,91.0,pop not found,keep,,,,,1311.0,523.0
,UCBERKELEY_TAUPVC_6MM,,,CTX_PARSOPERCULARIS_SUVR,,<class 'numpy.float64'>,None,"3.589, 0.591",2224.0,91.0,pop not found,keep,,,,,1311.0,523.0
,UCBERKELEY_TAUPVC_6MM,,,CTX_PARSOPERCULARIS_VOLUME,,<class 'numpy.float64'>,None,"12836.0, 4801.0",2223.0,92.0,pop not found,keep,,,,,1310.0,523.0
,UCBERKELEY_TAUPVC_6MM,,,CTX_PARSORBITALIS_SUVR,,<class 'numpy.float64'>,None,"3.85, 0.811",2224.0,91.0,pop not found,keep,,,,,1311.0,523.0
,UCBERKELEY_TAUPVC_6MM,,,CTX_PARSORBITALIS_VOLUME,,<class 'numpy.float64'>,None,"6892.0, 2452.0",2224.0,91.0,pop not found,keep,,,,,1311.0,523.0
,UCBERKELEY_TAUPVC_6MM,,,CTX_PARSTRIANGULARIS_SUVR,,<class 'numpy.float64'>,None,"3.512, 0.715",2224.0,91.0,pop not found,keep,,,,,1311.0,523.0
,UCBERKELEY_TAUPVC_6MM,,,CTX_PARSTRIANGULARIS_VOLUME,,<class 'numpy.float64'>,None,"11719.0, 4786.0",2224.0,91.0,pop not found,keep,,,,,1311.0,523.0
,UCBERKELEY_TAUPVC_6MM,,,CTX_PERICALCARINE_SUVR,,<class 'numpy.float64'>,None,"3.439, 0.658",2224.0,91.0,pop not found,keep,,,,,1311.0,523.0
,UCBERKELEY_TAUPVC_6MM,,,CTX_PERICALCARINE_VOLUME,,<class 'numpy.float64'>,None,"8270.0, 2109.0",2224.0,91.0,pop not found,keep,,,,,1311.0,523.0
,UCBERKELEY_TAUPVC_6MM,,,CTX_POSTCENTRAL_SUVR,,<class 'numpy.float64'>,None,"2.411, 0.702",2224.0,91.0,pop not found,keep,,,,,1311.0,523.0
,UCBERKELEY_TAUPVC_6MM,,,CTX_POSTCENTRAL_VOLUME,,<class 'numpy.float64'>,None,"26525.0, 10032.0",2224.0,91.0,pop not found,keep,,,,,1311.0,523.0
,UCBERKELEY_TAUPVC_6MM,,,CTX_POSTERIORCINGULATE_SUVR,,<class 'numpy.float64'>,None,"3.46, 0.565",2224.0,91.0,pop not found,keep,,,,,1311.0,523.0
,UCBERKELEY_TAUPVC_6MM,,,CTX_POSTERIORCINGULATE_VOLUME,,<class 'numpy.float64'>,None,"18216.0, 2054.0",2224.0,91.0,pop not found,keep,,,,,1311.0,523.0
,UCBERKELEY_TAUPVC_6MM,,,CTX_PRECENTRAL_SUVR,,<class 'numpy.float64'>,None,"2.036, 0.607",2224.0,91.0,pop not found,keep,,,,,1311.0,523.0
,UCBERKELEY_TAUPVC_6MM,,,CTX_PRECENTRAL_VOLUME,,<class 'numpy.float64'>,None,"37386.0, 13766.0",2224.0,91.0,pop not found,keep,,,,,1311.0,523.0
,UCBERKELEY_TAUPVC_6MM,,,CTX_PRECUNEUS_SUVR,,<class 'numpy.float64'>,None,"4.037, 0.638",2224.0,91.0,pop not found,keep,,,,,1311.0,523.0
,UCBERKELEY_TAUPVC_6MM,,,CTX_ROSTRALANTERIORCINGULATE_SUVR,,<class 'numpy.float64'>,None,"2.972, 0.576",2224.0,91.0,pop not found,keep,,,,,1311.0,523.0
,UCBERKELEY_TAUPVC_6MM,,,CTX_ROSTRALANTERIORCINGULATE_VOLUME,,<class 'numpy.float64'>,None,"7474.0, 1558.0",2224.0,91.0,pop not found,keep,,,,,1311.0,523.0
,UCBERKELEY_TAUPVC_6MM,,,CTX_ROSTRALMIDDLEFRONTAL_SUVR,,<class 'numpy.float64'>,None,"4.571, 0.685",2224.0,91.0,pop not found,keep,,,,,1311.0,523.0
,UCBERKELEY_TAUPVC_6MM,,,CTX_ROSTRALMIDDLEFRONTAL_VOLUME,,<class 'numpy.float64'>,None,"50046.0, 16054.0",2224.0,91.0,pop not found,keep,,,,,1311.0,523.0
,UCBERKELEY_TAUPVC_6MM,,,CTX_SUPERIORFRONTAL_SUVR,,<class 'numpy.float64'>,None,"3.007, 0.525",2224.0,91.0,pop not found,keep,,,,,1311.0,523.0
,UCBERKELEY_TAUPVC_6MM,,,CTX_SUPERIORFRONTAL_VOLUME,,<class 'numpy.float64'>,None,"58830.0, 25550.0",2224.0,91.0,pop not found,keep,,,,,1311.0,523.0
,UCBERKELEY_TAUPVC_6MM,,,CTX_SUPERIORPARIETAL_SUVR,,<class 'numpy.float64'>,None,"4.043, 0.701",2224.0,91.0,pop not found,keep,,,,,1311.0,523.0
,UCBERKELEY_TAUPVC_6MM,,,CTX_SUPERIORPARIETAL_VOLUME,,<class 'numpy.float64'>,None,"37095.0, 12027.0",2224.0,91.0,pop not found,keep,,,,,1311.0,523.0
,UCBERKELEY_TAUPVC_6MM,,,CTX_SUPERIORTEMPORAL_SUVR,,<class 'numpy.float64'>,None,"2.914, 0.703",2224.0,91.0,pop not found,keep,,,,,1311.0,523.0
,UCBERKELEY_TAUPVC_6MM,,,CTX_SUPERIORTEMPORAL_VOLUME,,<class 'numpy.float64'>,None,"32667.0, 12461.0",2224.0,91.0,pop not found,keep,,,,,1311.0,523.0
,UCBERKELEY_TAUPVC_6MM,,,CTX_SUPRAMARGINAL_SUVR,,<class 'numpy.float64'>,None,"3.539, 0.72",2224.0,91.0,pop not found,keep,,,,,1311.0,523.0
,UCBERKELEY_TAUPVC_6MM,,,CTX_SUPRAMARGINAL_VOLUME,,<class 'numpy.float64'>,None,"31391.0, 10961.0",2224.0,91.0,pop not found,keep,,,,,1311.0,523.0
,UCBERKELEY_TAUPVC_6MM,,,CTX_TEMPORALPOLE_SUVR,,<class 'numpy.float64'>,None,"3.797, 0.785",2224.0,91.0,pop not found,keep,,,,,1311.0,523.0
,UCBERKELEY_TAUPVC_6MM,,,CTX_TEMPORALPOLE_VOLUME,,<class 'numpy.float64'>,None,"9644.0, 2178.0",2224.0,91.0,pop not found,keep,,,,,1311.0,523.0
,UCBERKELEY_TAUPVC_6MM,,,CTX_TRANSVERSETEMPORAL_SUVR,,<class 'numpy.float64'>,None,"2.568, 0.594",2224.0,91.0,pop not found,keep,,,,,1311.0,523.0
,UCBERKELEY_TAUPVC_6MM,,,CTX_TRANSVERSETEMPORAL_VOLUME,,<class 'numpy.float64'>,None,"3541.0, 1100.0",2224.0,91.0,pop not found,keep,,,,,1311.0,523.0
,UCBERKELEY_TAUPVC_6MM,,,ACCUMBENS_AREA_SUVR,,<class 'numpy.float64'>,None,"2.475, 0.402",2224.0,91.0,pop not found,keep,,,,,1311.0,523.0
,UCBERKELEY_TAUPVC_6MM,,,ACCUMBENS_AREA_VOLUME,,<class 'numpy.float64'>,None,"1636.0, 300.0",2224.0,91.0,pop not found,keep,,,,,1311.0,523.0
,UCBERKELEY_TAUPVC_6MM,,,AMYGDALA_SUVR,,<class 'numpy.float64'>,None,"3.175, 0.45",2224.0,91.0,pop not found,keep,,,,,1311.0,523.0
,UCBERKELEY_TAUPVC_6MM,,,AMYGDALA_VOLUME,,<class 'numpy.float64'>,None,"4740.0, 980.0",2224.0,91.0,pop not found,keep,,,,,1311.0,523.0
,UCBERKELEY_TAUPVC_6MM,,,CAUDATE_SUVR,,<class 'numpy.float64'>,None,"1.696, 0.432",2224.0,91.0,pop not found,keep,,,,,1311.0,523.0
,UCBERKELEY_TAUPVC_6MM,,,CAUDATE_VOLUME,,<class 'numpy.float64'>,None,"12321.0, 3588.0",2224.0,91.0,pop not found,keep,,,,,1311.0,523.0
,UCBERKELEY_TAUPVC_6MM,,,CEREBELLUM_CORTEX_SUVR,,<class 'numpy.float64'>,None,"1.277, 0.947",2224.0,91.0,pop not found,keep,,,,,1311.0,523.0
,UCBERKELEY_TAUPVC_6MM,,,CEREBELLUM_CORTEX_VOLUME,,<class 'numpy.float64'>,None,"142592.0, 68832.0",2224.0,91.0,pop not found,keep,,,,,1311.0,523.0
,UCBERKELEY_TAUPVC_6MM,,,CEREBELLUM_WHITE_MATTER_SUVR,,<class 'numpy.float64'>,None,"1.485, 0.598",2224.0,91.0,pop not found,keep,,,,,1311.0,523.0
,UCBERKELEY_TAUPVC_6MM,,,CEREBELLUM_WHITE_MATTER_VOLUME,,<class 'numpy.float64'>,None,"48785.0, 13671.0",2224.0,91.0,pop not found,keep,,,,,1311.0,523.0
,UCBERKELEY_TAUPVC_6MM,,,CEREBRAL_WHITE_MATTER_SUVR,,<class 'numpy.float64'>,None,"2.576, 0.517",2224.0,91.0,pop not found,keep,,,,,1311.0,523.0
,UCBERKELEY_TAUPVC_6MM,,,CEREBRAL_WHITE_MATTER_VOLUME,,<class 'numpy.float64'>,None,"718037.0, 224785.0",2224.0,91.0,pop not found,keep,,,,,1311.0,523.0
,UCBERKELEY_TAUPVC_6MM,,,CHOROID_PLEXUS_SUVR,,<class 'numpy.float64'>,None,"3.465, 0.521",2224.0,91.0,pop not found,keep,,,,,1311.0,523.0
,UCBERKELEY_TAUPVC_6MM,,,CHOROID_PLEXUS_VOLUME,,<class 'numpy.float64'>,None,"3434.0, 459.0",2224.0,91.0,pop not found,keep,,,,,1311.0,523.0
,UCBERKELEY_TAUPVC_6MM,,,HIPPOCAMPUS_SUVR,,<class 'numpy.float64'>,None,"2.761, 0.512",2224.0,91.0,pop not found,keep,,,,,1311.0,523.0
,UCBERKELEY_TAUPVC_6MM,,,HIPPOCAMPUS_VOLUME,,<class 'numpy.float64'>,None,"11461.0, 3255.0",2224.0,91.0,pop not found,keep,,,,,1311.0,523.0
,UCBERKELEY_TAUPVC_6MM,,,OPTIC_CHIASM_SUVR,,<class 'numpy.float64'>,None,"1.953, 0.406",2224.0,91.0,pop not found,keep,,,,,1311.0,523.0
,UCBERKELEY_TAUPVC_6MM,,,OPTIC_CHIASM_VOLUME,,<class 'numpy.float64'>,None,"361.0, 2.0",2224.0,91.0,pop not found,keep,,,,,1311.0,523.0
,UCBERKELEY_TAUPVC_6MM,,,INF_LAT_VENT_SUVR,,<class 'numpy.float64'>,None,"2.291, 0.504",2224.0,91.0,pop not found,keep,,,,,1311.0,523.0
,UCBERKELEY_TAUPVC_6MM,,,INF_LAT_VENT_VOLUME,,<class 'numpy.float64'>,None,"16102.0, 164.0",2224.0,91.0,pop not found,keep,,,,,1311.0,523.0
,UCBERKELEY_TAUPVC_6MM,,,LATERAL_VENTRICLE_SUVR,,<class 'numpy.float64'>,None,"1.468, 0.218",2224.0,91.0,pop not found,keep,,,,,1311.0,523.0
,UCBERKELEY_TAUPVC_6MM,,,LATERAL_VENTRICLE_VOLUME,,<class 'numpy.float64'>,None,"138561.0, 5800.0",2224.0,91.0,pop not found,keep,,,,,1311.0,523.0
,UCBERKELEY_TAUPVC_6MM,,,PALLIDUM_SUVR,,<class 'numpy.float64'>,None,"2.529, 0.475",2224.0,91.0,pop not found,keep,,,,,1311.0,523.0
,UCBERKELEY_TAUPVC_6MM,,,PALLIDUM_VOLUME,,<class 'numpy.float64'>,None,"6324.0, 2454.0",2224.0,91.0,pop not found,keep,,,,,1311.0,523.0
,UCBERKELEY_TAUPVC_6MM,,,PUTAMEN_SUVR,,<class 'numpy.float64'>,None,"2.4, 0.504",2224.0,91.0,pop not found,keep,,,,,1311.0,523.0
,UCBERKELEY_TAUPVC_6MM,,,PUTAMEN_VOLUME,,<class 'numpy.float64'>,None,"15492.0, 4438.0",2222.0,93.0,pop not found,keep,,,,,1311.0,523.0
,UCBERKELEY_TAUPVC_6MM,,,THALAMUS_PROPER_SUVR,,<class 'numpy.float64'>,None,"2.088, 0.481",2224.0,91.0,pop not found,keep,,,,,1311.0,523.0
,UCBERKELEY_TAUPVC_6MM,,,THALAMUS_PROPER_VOLUME,,<class 'numpy.float64'>,None,"20466.0, 8557.0",2224.0,91.0,pop not found,keep,,,,,1311.0,523.0
,UCBERKELEY_TAUPVC_6MM,,,VENTRALDC_SUVR,,<class 'numpy.float64'>,None,"1.833, 0.51",2224.0,91.0,pop not found,keep,,,,,1311.0,523.0
,UCBERKELEY_TAUPVC_6MM,,,VENTRALDC_VOLUME,,<class 'numpy.float64'>,None,"11382.0, 4441.0",2224.0,91.0,pop not found,keep,,,,,1311.0,523.0
,UCBERKELEY_TAUPVC_6MM,,,VESSEL_SUVR,,<class 'numpy.float64'>,None,"2.342, 0.6",2203.0,112.0,pop not found,keep,,,,,1301.0,521.0
,UCBERKELEY_TAUPVC_6MM,,,VESSEL_VOLUME,,<class 'numpy.float64'>,None,"604.0, 1.0",2203.0,112.0,pop not found,keep,,,,,1301.0,521.0
,UCBERKELEY_TAUPVC_6MM,,,CTX_LH_BANKSSTS_SUVR,,<class 'numpy.float64'>,None,"4.46, 0.643",2224.0,91.0,pop not found,keep,,,,,1311.0,523.0
,UCBERKELEY_TAUPVC_6MM,,,CTX_LH_BANKSSTS_VOLUME,,<class 'numpy.float64'>,None,"4723.0, 779.0",2224.0,91.0,pop not found,keep,,,,,1311.0,523.0
,UCBERKELEY_TAUPVC_6MM,,,CTX_LH_CAUDALANTERIORCINGULATE_SUVR,,<class 'numpy.float64'>,None,"2.563, 0.533",2224.0,91.0,pop not found,keep,,,,,1311.0,523.0
,UCBERKELEY_TAUPVC_6MM,,,CTX_LH_CAUDALANTERIORCINGULATE_VOLUME,,<class 'numpy.float64'>,None,"4960.0, 352.0",2224.0,91.0,pop not found,keep,,,,,1311.0,523.0
,UCBERKELEY_TAUPVC_6MM,,,CTX_LH_CAUDALMIDDLEFRONTAL_SUVR,,<class 'numpy.float64'>,None,"4.124, 0.584",2224.0,91.0,pop not found,keep,,,,,1311.0,523.0
,UCBERKELEY_TAUPVC_6MM,,,CTX_LH_CAUDALMIDDLEFRONTAL_VOLUME,,<class 'numpy.float64'>,None,"12065.0, 2609.0",2224.0,91.0,pop not found,keep,,,,,1311.0,523.0
,UCBERKELEY_TAUPVC_6MM,,,CTX_LH_CUNEUS_SUVR,,<class 'numpy.float64'>,None,"4.044, 0.777",2224.0,91.0,pop not found,keep,,,,,1311.0,523.0
,UCBERKELEY_TAUPVC_6MM,,,CTX_LH_CUNEUS_VOLUME,,<class 'numpy.float64'>,None,"5342.0, 1411.0",2224.0,91.0,pop not found,keep,,,,,1311.0,523.0
,UCBERKELEY_TAUPVC_6MM,,,CTX_LH_ENTORHINAL_SUVR,,<class 'numpy.float64'>,None,"3.3, 0.702",2223.0,92.0,pop not found,keep,,,,,1310.0,523.0
,UCBERKELEY_TAUPVC_6MM,,,CTX_LH_ENTORHINAL_VOLUME,,<class 'numpy.float64'>,None,"3408.0, 291.0",2223.0,92.0,pop not found,keep,,,,,1310.0,523.0
,UCBERKELEY_TAUPVC_6MM,,,CTX_LH_FRONTALPOLE_SUVR,,<class 'numpy.float64'>,None,"3.351, 0.58",2224.0,91.0,pop not found,keep,,,,,1311.0,523.0
,UCBERKELEY_TAUPVC_6MM,,,CTX_LH_FRONTALPOLE_VOLUME,,<class 'numpy.float64'>,None,"1796.0, 486.0",2224.0,91.0,pop not found,keep,,,,,1311.0,523.0
,UCBERKELEY_TAUPVC_6MM,,,CTX_LH_FUSIFORM_SUVR,,<class 'numpy.float64'>,None,"4.258, 0.799",2224.0,91.0,pop not found,keep,,,,,1311.0,523.0
,UCBERKELEY_TAUPVC_6MM,,,CTX_LH_FUSIFORM_VOLUME,,<class 'numpy.float64'>,None,"13678.0, 3944.0",2224.0,91.0,pop not found,keep,,,,,1311.0,523.0
,UCBERKELEY_TAUPVC_6MM,,,CTX_LH_INFERIORPARIETAL_SUVR,,<class 'numpy.float64'>,None,"4.489, 0.796",2224.0,91.0,pop not found,keep,,,,,1311.0,523.0
,UCBERKELEY_TAUPVC_6MM,,,CTX_LH_INFERIORPARIETAL_VOLUME,,<class 'numpy.float64'>,None,"17756.0, 5047.0",2223.0,92.0,pop not found,keep,,,,,1311.0,523.0
,UCBERKELEY_TAUPVC_6MM,,,CTX_LH_INFERIORTEMPORAL_SUVR,,<class 'numpy.float64'>,None,"4.312, 0.791",2224.0,91.0,pop not found,keep,,,,,1311.0,523.0
,UCBERKELEY_TAUPVC_6MM,,,CTX_LH_INFERIORTEMPORAL_VOLUME,,<class 'numpy.float64'>,None,"16512.0, 4547.0",2222.0,93.0,pop not found,keep,,,,,1310.0,522.0
,UCBERKELEY_TAUPVC_6MM,,,CTX_LH_INSULA_SUVR,,<class 'numpy.float64'>,None,"2.909, 0.574",2224.0,91.0,pop not found,keep,,,,,1311.0,523.0
,UCBERKELEY_TAUPVC_6MM,,,CTX_LH_INSULA_VOLUME,,<class 'numpy.float64'>,None,"21138.0, 3825.0",2224.0,91.0,pop not found,keep,,,,,1311.0,523.0
,UCBERKELEY_TAUPVC_6MM,,,CTX_LH_ISTHMUSCINGULATE_SUVR,,<class 'numpy.float64'>,None,"3.946, 0.641",2224.0,91.0,pop not found,keep,,,,,1311.0,523.0
,UCBERKELEY_TAUPVC_6MM,,,CTX_LH_ISTHMUSCINGULATE_VOLUME,,<class 'numpy.float64'>,None,"6967.0, 615.0",2224.0,91.0,pop not found,keep,,,,,1311.0,523.0
,UCBERKELEY_TAUPVC_6MM,,,CTX_LH_LATERALOCCIPITAL_SUVR,,<class 'numpy.float64'>,None,"4.843, 0.835",2224.0,91.0,pop not found,keep,,,,,1311.0,523.0
,UCBERKELEY_TAUPVC_6MM,,,CTX_LH_LATERALOCCIPITAL_VOLUME,,<class 'numpy.float64'>,None,"17628.0, 4386.0",2224.0,91.0,pop not found,keep,,,,,1311.0,523.0
,UCBERKELEY_TAUPVC_6MM,,,CTX_LH_LATERALORBITOFRONTAL_SUVR,,<class 'numpy.float64'>,None,"3.759, 0.657",2224.0,91.0,pop not found,keep,,,,,1311.0,523.0
,UCBERKELEY_TAUPVC_6MM,,,CTX_LH_LATERALORBITOFRONTAL_VOLUME,,<class 'numpy.float64'>,None,"11834.0, 3412.0",2224.0,91.0,pop not found,keep,,,,,1311.0,523.0
,UCBERKELEY_TAUPVC_6MM,,,CTX_LH_LINGUAL_SUVR,,<class 'numpy.float64'>,None,"3.763, 0.81",2224.0,91.0,pop not found,keep,,,,,1311.0,523.0
,UCBERKELEY_TAUPVC_6MM,,,CTX_LH_LINGUAL_VOLUME,,<class 'numpy.float64'>,None,"11629.0, 2540.0",2224.0,91.0,pop not found,keep,,,,,1311.0,523.0
,UCBERKELEY_TAUPVC_6MM,,,CTX_LH_MEDIALORBITOFRONTAL_SUVR,,<class 'numpy.float64'>,None,"3.151, 0.574",2224.0,91.0,pop not found,keep,,,,,1311.0,523.0
,UCBERKELEY_TAUPVC_6MM,,,CTX_LH_MEDIALORBITOFRONTAL_VOLUME,,<class 'numpy.float64'>,None,"7019.0, 3183.0",2224.0,91.0,pop not found,keep,,,,,1311.0,523.0
,UCBERKELEY_TAUPVC_6MM,,,CTX_LH_MIDDLETEMPORAL_SUVR,,<class 'numpy.float64'>,None,"4.237, 0.788",2224.0,91.0,pop not found,keep,,,,,1311.0,523.0
,UCBERKELEY_TAUPVC_6MM,,,CTX_LH_MIDDLETEMPORAL_VOLUME,,<class 'numpy.float64'>,None,"14767.0, 4242.0",2223.0,92.0,pop not found,keep,,,,,1311.0,522.0
,UCBERKELEY_TAUPVC_6MM,,,CTX_LH_PARACENTRAL_SUVR,,<class 'numpy.float64'>,None,"2.094, 0.578",2224.0,91.0,pop not found,keep,,,,,1311.0,523.0
,UCBERKELEY_TAUPVC_6MM,,,CTX_LH_PARACENTRAL_VOLUME,,<class 'numpy.float64'>,None,"7180.0, 1868.0",2224.0,91.0,pop not found,keep,,,,,1311.0,523.0
,UCBERKELEY_TAUPVC_6MM,,,CTX_LH_PARAHIPPOCAMPAL_SUVR,,<class 'numpy.float64'>,None,"3.139, 0.691",2223.0,92.0,pop not found,keep,,,,,1310.0,523.0
,UCBERKELEY_TAUPVC_6MM,,,CTX_LH_PARAHIPPOCAMPAL_VOLUME,,<class 'numpy.float64'>,None,"3643.0, 938.0",2223.0,92.0,pop not found,keep,,,,,1310.0,523.0
,UCBERKELEY_TAUPVC_6MM,,,CTX_LH_PARSOPERCULARIS_SUVR,,<class 'numpy.float64'>,None,"3.525, 0.576",2224.0,91.0,pop not found,keep,,,,,1311.0,523.0
,UCBERKELEY_TAUPVC_6MM,,,CTX_LH_PARSOPERCULARIS_VOLUME,,<class 'numpy.float64'>,None,"7630.0, 2451.0",2224.0,91.0,pop not found,keep,,,,,1311.0,523.0
,UCBERKELEY_TAUPVC_6MM,,,CTX_LH_PARSORBITALIS_SUVR,,<class 'numpy.float64'>,None,"4.214, 0.781",2224.0,91.0,pop not found,keep,,,,,1311.0,523.0
,UCBERKELEY_TAUPVC_6MM,,,CTX_LH_PARSORBITALIS_VOLUME,,<class 'numpy.float64'>,None,"3294.0, 438.0",2224.0,91.0,pop not found,keep,,,,,1311.0,523.0
,UCBERKELEY_TAUPVC_6MM,,,CTX_LH_PARSTRIANGULARIS_SUVR,,<class 'numpy.float64'>,None,"3.546, 0.679",2224.0,91.0,pop not found,keep,,,,,1311.0,523.0
,UCBERKELEY_TAUPVC_6MM,,,CTX_LH_PARSTRIANGULARIS_VOLUME,,<class 'numpy.float64'>,None,"5545.0, 1834.0",2224.0,91.0,pop not found,keep,,,,,1311.0,523.0
,UCBERKELEY_TAUPVC_6MM,,,CTX_LH_PERICALCARINE_SUVR,,<class 'numpy.float64'>,None,"3.021, 0.668",2224.0,91.0,pop not found,keep,,,,,1311.0,523.0
,UCBERKELEY_TAUPVC_6MM,,,CTX_LH_PERICALCARINE_VOLUME,,<class 'numpy.float64'>,None,"4678.0, 755.0",2224.0,91.0,pop not found,keep,,,,,1311.0,523.0
,UCBERKELEY_TAUPVC_6MM,,,CTX_LH_POSTCENTRAL_SUVR,,<class 'numpy.float64'>,None,"2.335, 0.692",2224.0,91.0,pop not found,keep,,,,,1311.0,523.0
,UCBERKELEY_TAUPVC_6MM,,,CTX_LH_POSTCENTRAL_VOLUME,,<class 'numpy.float64'>,None,"14589.0, 4696.0",2224.0,91.0,pop not found,keep,,,,,1311.0,523.0
,UCBERKELEY_TAUPVC_6MM,,,CTX_LH_POSTERIORCINGULATE_SUVR,,<class 'numpy.float64'>,None,"3.512, 0.598",2224.0,91.0,pop not found,keep,,,,,1311.0,523.0
,UCBERKELEY_TAUPVC_6MM,,,CTX_LH_POSTERIORCINGULATE_VOLUME,,<class 'numpy.float64'>,None,"11595.0, 990.0",2224.0,91.0,pop not found,keep,,,,,1311.0,523.0
,UCBERKELEY_TAUPVC_6MM,,,CTX_LH_PRECENTRAL_SUVR,,<class 'numpy.float64'>,None,"2.202, 0.597",2224.0,91.0,pop not found,keep,,,,,1311.0,523.0
,UCBERKELEY_TAUPVC_6MM,,,CTX_LH_PRECENTRAL_VOLUME,,<class 'numpy.float64'>,None,"25709.0, 6606.0",2224.0,91.0,pop not found,keep,,,,,1311.0,523.0
,UCBERKELEY_TAUPVC_6MM,,,CTX_LH_PRECUNEUS_SUVR,,<class 'numpy.float64'>,None,"4.285, 0.637",2224.0,91.0,pop not found,keep,,,,,1311.0,523.0
,UCBERKELEY_TAUPVC_6MM,,,CTX_LH_PRECUNEUS_VOLUME,,<class 'numpy.float64'>,None,"17038.0, 4103.0",2224.0,91.0,pop not found,keep,,,,,1311.0,523.0
,UCBERKELEY_TAUPVC_6MM,,,CTX_LH_ROSTRALANTERIORCINGULATE_SUVR,,<class 'numpy.float64'>,None,"2.997, 0.59",2224.0,91.0,pop not found,keep,,,,,1311.0,523.0
,UCBERKELEY_TAUPVC_6MM,,,CTX_LH_ROSTRALANTERIORCINGULATE_VOLUME,,<class 'numpy.float64'>,None,"5073.0, 571.0",2224.0,91.0,pop not found,keep,,,,,1311.0,523.0
,UCBERKELEY_TAUPVC_6MM,,,CTX_LH_ROSTRALMIDDLEFRONTAL_SUVR,,<class 'numpy.float64'>,None,"4.723, 0.676",2224.0,91.0,pop not found,keep,,,,,1311.0,523.0
,UCBERKELEY_TAUPVC_6MM,,,CTX_LH_ROSTRALMIDDLEFRONTAL_VOLUME,,<class 'numpy.float64'>,None,"23265.0, 6861.0",2224.0,91.0,pop not found,keep,,,,,1311.0,523.0
,UCBERKELEY_TAUPVC_6MM,,,CTX_LH_SUPERIORFRONTAL_SUVR,,<class 'numpy.float64'>,None,"3.231, 0.491",2224.0,91.0,pop not found,keep,,,,,1311.0,523.0
,UCBERKELEY_TAUPVC_6MM,,,CTX_LH_SUPERIORFRONTAL_VOLUME,,<class 'numpy.float64'>,None,"39158.0, 13132.0",2224.0,91.0,pop not found,keep,,,,,1311.0,523.0
,UCBERKELEY_TAUPVC_6MM,,,CTX_LH_SUPERIORPARIETAL_SUVR,,<class 'numpy.float64'>,None,"4.091, 0.704",2224.0,91.0,pop not found,keep,,,,,1311.0,523.0
,UCBERKELEY_TAUPVC_6MM,,,CTX_LH_SUPERIORPARIETAL_VOLUME,,<class 'numpy.float64'>,None,"23420.0, 5411.0",2224.0,91.0,pop not found,keep,,,,,1311.0,523.0
,UCBERKELEY_TAUPVC_6MM,,,CTX_LH_SUPERIORTEMPORAL_SUVR,,<class 'numpy.float64'>,None,"3.121, 0.688",2224.0,91.0,pop not found,keep,,,,,1311.0,523.0
,UCBERKELEY_TAUPVC_6MM,,,CTX_LH_SUPERIORTEMPORAL_VOLUME,,<class 'numpy.float64'>,None,"18312.0, 5891.0",2224.0,91.0,pop not found,keep,,,,,1311.0,523.0
,UCBERKELEY_TAUPVC_6MM,,,CTX_LH_SUPRAMARGINAL_SUVR,,<class 'numpy.float64'>,None,"3.696, 0.714",2224.0,91.0,pop not found,keep,,,,,1311.0,523.0
,UCBERKELEY_TAUPVC_6MM,,,CTX_LH_SUPRAMARGINAL_VOLUME,,<class 'numpy.float64'>,None,"17431.0, 5543.0",2223.0,92.0,pop not found,keep,,,,,1311.0,522.0
,UCBERKELEY_TAUPVC_6MM,,,CTX_LH_TEMPORALPOLE_SUVR,,<class 'numpy.float64'>,None,"3.788, 0.761",2224.0,91.0,pop not found,keep,,,,,1311.0,523.0
,UCBERKELEY_TAUPVC_6MM,,,CTX_LH_TEMPORALPOLE_VOLUME,,<class 'numpy.float64'>,None,"5851.0, 48.0",2224.0,91.0,pop not found,keep,,,,,1311.0,523.0
,UCBERKELEY_TAUPVC_6MM,,,CTX_LH_TRANSVERSETEMPORAL_SUVR,,<class 'numpy.float64'>,None,"2.81, 0.598",2224.0,91.0,pop not found,keep,,,,,1311.0,523.0
,UCBERKELEY_TAUPVC_6MM,,,CTX_LH_TRANSVERSETEMPORAL_VOLUME,,<class 'numpy.float64'>,None,"2254.0, 601.0",2224.0,91.0,pop not found,keep,,,,,1311.0,523.0
,UCBERKELEY_TAUPVC_6MM,,,CTX_RH_BANKSSTS_SUVR,,<class 'numpy.float64'>,None,"4.997, 0.614",2224.0,91.0,pop not found,keep,,,,,1311.0,523.0
,UCBERKELEY_TAUPVC_6MM,,,CTX_RH_BANKSSTS_VOLUME,,<class 'numpy.float64'>,None,"4240.0, 952.0",2224.0,91.0,pop not found,keep,,,,,1311.0,523.0
,UCBERKELEY_TAUPVC_6MM,,,CTX_RH_CAUDALANTERIORCINGULATE_SUVR,,<class 'numpy.float64'>,None,"2.584, 0.526",2224.0,91.0,pop not found,keep,,,,,1311.0,523.0
,UCBERKELEY_TAUPVC_6MM,,,CTX_RH_CAUDALANTERIORCINGULATE_VOLUME,,<class 'numpy.float64'>,None,"4843.0, 368.0",2224.0,91.0,pop not found,keep,,,,,1311.0,523.0
,UCBERKELEY_TAUPVC_6MM,,,CTX_RH_CAUDALMIDDLEFRONTAL_SUVR,,<class 'numpy.float64'>,None,"3.7, 0.59",2224.0,91.0,pop not found,keep,,,,,1311.0,523.0
,UCBERKELEY_TAUPVC_6MM,,,CTX_RH_CAUDALMIDDLEFRONTAL_VOLUME,,<class 'numpy.float64'>,None,"9461.0, 2379.0",2224.0,91.0,pop not found,keep,,,,,1311.0,523.0
,UCBERKELEY_TAUPVC_6MM,,,CTX_RH_CUNEUS_SUVR,,<class 'numpy.float64'>,None,"4.89, 0.737",2224.0,91.0,pop not found,keep,,,,,1311.0,523.0
,UCBERKELEY_TAUPVC_6MM,,,CTX_RH_CUNEUS_VOLUME,,<class 'numpy.float64'>,None,"6165.0, 982.0",2224.0,91.0,pop not found,keep,,,,,1311.0,523.0
,UCBERKELEY_TAUPVC_6MM,,,CTX_RH_ENTORHINAL_SUVR,,<class 'numpy.float64'>,None,"3.625, 0.64",2224.0,91.0,pop not found,keep,,,,,1311.0,523.0
,UCBERKELEY_TAUPVC_6MM,,,CTX_RH_ENTORHINAL_VOLUME,,<class 'numpy.float64'>,None,"3452.0, 411.0",2224.0,91.0,pop not found,keep,,,,,1311.0,523.0
,UCBERKELEY_TAUPVC_6MM,,,CTX_RH_FRONTALPOLE_SUVR,,<class 'numpy.float64'>,None,"3.409, 0.535",2224.0,91.0,pop not found,keep,,,,,1311.0,523.0
,UCBERKELEY_TAUPVC_6MM,,,CTX_RH_FRONTALPOLE_VOLUME,,<class 'numpy.float64'>,None,"2370.0, 381.0",2224.0,91.0,pop not found,keep,,,,,1311.0,523.0
,UCBERKELEY_TAUPVC_6MM,,,CTX_RH_FUSIFORM_SUVR,,<class 'numpy.float64'>,None,"4.335, 0.8",2224.0,91.0,pop not found,keep,,,,,1311.0,523.0
,UCBERKELEY_TAUPVC_6MM,,,CTX_RH_FUSIFORM_VOLUME,,<class 'numpy.float64'>,None,"14227.0, 4673.0",2223.0,92.0,pop not found,keep,,,,,1311.0,523.0
,UCBERKELEY_TAUPVC_6MM,,,CTX_RH_INFERIORPARIETAL_SUVR,,<class 'numpy.float64'>,None,"4.717, 0.798",2224.0,91.0,pop not found,keep,,,,,1311.0,523.0
,UCBERKELEY_TAUPVC_6MM,,,CTX_RH_INFERIORPARIETAL_VOLUME,,<class 'numpy.float64'>,None,"21817.0, 6272.0",2224.0,91.0,pop not found,keep,,,,,1311.0,523.0
,UCBERKELEY_TAUPVC_6MM,,,CTX_RH_INFERIORTEMPORAL_SUVR,,<class 'numpy.float64'>,None,"4.886, 0.815",2224.0,91.0,pop not found,keep,,,,,1311.0,523.0
,UCBERKELEY_TAUPVC_6MM,,,CTX_RH_INFERIORTEMPORAL_VOLUME,,<class 'numpy.float64'>,None,"16344.0, 4566.0",2223.0,92.0,pop not found,keep,,,,,1311.0,522.0
,UCBERKELEY_TAUPVC_6MM,,,CTX_RH_INSULA_SUVR,,<class 'numpy.float64'>,None,"2.99, 0.573",2224.0,91.0,pop not found,keep,,,,,1311.0,523.0
,UCBERKELEY_TAUPVC_6MM,,,CTX_RH_INSULA_VOLUME,,<class 'numpy.float64'>,None,"9212.0, 3635.0",2224.0,91.0,pop not found,keep,,,,,1311.0,523.0
,UCBERKELEY_TAUPVC_6MM,,,CTX_RH_ISTHMUSCINGULATE_SUVR,,<class 'numpy.float64'>,None,"3.835, 0.609",2224.0,91.0,pop not found,keep,,,,,1311.0,523.0
,UCBERKELEY_TAUPVC_6MM,,,CTX_RH_ISTHMUSCINGULATE_VOLUME,,<class 'numpy.float64'>,None,"4091.0, 783.0",2224.0,91.0,pop not found,keep,,,,,1311.0,523.0
,UCBERKELEY_TAUPVC_6MM,,,CTX_RH_LATERALOCCIPITAL_SUVR,,<class 'numpy.float64'>,None,"5.236, 0.842",2224.0,91.0,pop not found,keep,,,,,1311.0,523.0
,UCBERKELEY_TAUPVC_6MM,,,CTX_RH_LATERALOCCIPITAL_VOLUME,,<class 'numpy.float64'>,None,"18366.0, 4984.0",2224.0,91.0,pop not found,keep,,,,,1311.0,523.0
,UCBERKELEY_TAUPVC_6MM,,,CTX_RH_LATERALORBITOFRONTAL_SUVR,,<class 'numpy.float64'>,None,"3.115, 0.656",2224.0,91.0,pop not found,keep,,,,,1311.0,523.0
,UCBERKELEY_TAUPVC_6MM,,,CTX_RH_LATERALORBITOFRONTAL_VOLUME,,<class 'numpy.float64'>,None,"9667.0, 4176.0",2224.0,91.0,pop not found,keep,,,,,1311.0,523.0
,UCBERKELEY_TAUPVC_6MM,,,CTX_RH_LINGUAL_SUVR,,<class 'numpy.float64'>,None,"4.088, 0.76",2224.0,91.0,pop not found,keep,,,,,1311.0,523.0
,UCBERKELEY_TAUPVC_6MM,,,CTX_RH_LINGUAL_VOLUME,,<class 'numpy.float64'>,None,"10478.0, 3406.0",2224.0,91.0,pop not found,keep,,,,,1311.0,523.0
,UCBERKELEY_TAUPVC_6MM,,,CTX_RH_MEDIALORBITOFRONTAL_SUVR,,<class 'numpy.float64'>,None,"3.198, 0.577",2224.0,91.0,pop not found,keep,,,,,1311.0,523.0
,UCBERKELEY_TAUPVC_6MM,,,CTX_RH_MEDIALORBITOFRONTAL_VOLUME,,<class 'numpy.float64'>,None,"7241.0, 3216.0",2224.0,91.0,pop not found,keep,,,,,1311.0,523.0
,UCBERKELEY_TAUPVC_6MM,,,CTX_RH_MIDDLETEMPORAL_SUVR,,<class 'numpy.float64'>,None,"4.048, 0.797",2224.0,91.0,pop not found,keep,,,,,1311.0,523.0
,UCBERKELEY_TAUPVC_6MM,,,CTX_RH_MIDDLETEMPORAL_VOLUME,,<class 'numpy.float64'>,None,"17219.0, 5922.0",2224.0,91.0,pop not found,keep,,,,,1311.0,523.0
,UCBERKELEY_TAUPVC_6MM,,,CTX_RH_PARACENTRAL_SUVR,,<class 'numpy.float64'>,None,"2.749, 0.517",2224.0,91.0,pop not found,keep,,,,,1311.0,523.0
,UCBERKELEY_TAUPVC_6MM,,,CTX_RH_PARACENTRAL_VOLUME,,<class 'numpy.float64'>,None,"5526.0, 2261.0",2224.0,91.0,pop not found,keep,,,,,1311.0,523.0
,UCBERKELEY_TAUPVC_6MM,,,CTX_RH_PARAHIPPOCAMPAL_SUVR,,<class 'numpy.float64'>,None,"3.329, 0.641",2224.0,91.0,pop not found,keep,,,,,1311.0,523.0
,UCBERKELEY_TAUPVC_6MM,,,CTX_RH_PARAHIPPOCAMPAL_VOLUME,,<class 'numpy.float64'>,None,"2800.0, 1096.0",2224.0,91.0,pop not found,keep,,,,,1311.0,523.0
,UCBERKELEY_TAUPVC_6MM,,,CTX_RH_PARSOPERCULARIS_SUVR,,<class 'numpy.float64'>,None,"3.672, 0.612",2224.0,91.0,pop not found,keep,,,,,1311.0,523.0
,UCBERKELEY_TAUPVC_6MM,,,CTX_RH_PARSOPERCULARIS_VOLUME,,<class 'numpy.float64'>,None,"7542.0, 1783.0",2224.0,91.0,pop not found,keep,,,,,1311.0,523.0
,UCBERKELEY_TAUPVC_6MM,,,CTX_RH_PARSORBITALIS_SUVR,,<class 'numpy.float64'>,None,"3.499, 0.792",2224.0,91.0,pop not found,keep,,,,,1311.0,523.0
,UCBERKELEY_TAUPVC_6MM,,,CTX_RH_PARSORBITALIS_VOLUME,,<class 'numpy.float64'>,None,"4301.0, 1261.0",2224.0,91.0,pop not found,keep,,,,,1311.0,523.0
,UCBERKELEY_TAUPVC_6MM,,,CTX_RH_PARSTRIANGULARIS_SUVR,,<class 'numpy.float64'>,None,"3.481, 0.743",2224.0,91.0,pop not found,keep,,,,,1311.0,523.0
,UCBERKELEY_TAUPVC_6MM,,,CTX_RH_PARSTRIANGULARIS_VOLUME,,<class 'numpy.float64'>,None,"7512.0, 2268.0",2224.0,91.0,pop not found,keep,,,,,1311.0,523.0
,UCBERKELEY_TAUPVC_6MM,,,CTX_RH_PERICALCARINE_SUVR,,<class 'numpy.float64'>,None,"3.823, 0.649",2224.0,91.0,pop not found,keep,,,,,1311.0,523.0
,UCBERKELEY_TAUPVC_6MM,,,CTX_RH_PERICALCARINE_VOLUME,,<class 'numpy.float64'>,None,"4617.0, 831.0",2224.0,91.0,pop not found,keep,,,,,1311.0,523.0
,UCBERKELEY_TAUPVC_6MM,,,CTX_RH_POSTCENTRAL_SUVR,,<class 'numpy.float64'>,None,"2.677, 0.707",2224.0,91.0,pop not found,keep,,,,,1311.0,523.0
,UCBERKELEY_TAUPVC_6MM,,,CTX_RH_POSTCENTRAL_VOLUME,,<class 'numpy.float64'>,None,"13254.0, 4677.0",2224.0,91.0,pop not found,keep,,,,,1311.0,523.0
,UCBERKELEY_TAUPVC_6MM,,,CTX_RH_POSTERIORCINGULATE_SUVR,,<class 'numpy.float64'>,None,"3.412, 0.526",2224.0,91.0,pop not found,keep,,,,,1311.0,523.0
,UCBERKELEY_TAUPVC_6MM,,,CTX_RH_POSTERIORCINGULATE_VOLUME,,<class 'numpy.float64'>,None,"6621.0, 994.0",2224.0,91.0,pop not found,keep,,,,,1311.0,523.0
,UCBERKELEY_TAUPVC_6MM,,,CTX_RH_PRECENTRAL_SUVR,,<class 'numpy.float64'>,None,"2.176, 0.617",2224.0,91.0,pop not found,keep,,,,,1311.0,523.0
,UCBERKELEY_TAUPVC_6MM,,,CTX_RH_PRECENTRAL_VOLUME,,<class 'numpy.float64'>,None,"18058.0, 6369.0",2224.0,91.0,pop not found,keep,,,,,1311.0,523.0
,UCBERKELEY_TAUPVC_6MM,,,CTX_RH_PRECUNEUS_SUVR,,<class 'numpy.float64'>,None,"3.817, 0.638",2224.0,91.0,pop not found,keep,,,,,1311.0,523.0
,UCBERKELEY_TAUPVC_6MM,,,CTX_RH_PRECUNEUS_VOLUME,,<class 'numpy.float64'>,None,"14854.0, 5009.0",2224.0,91.0,pop not found,keep,,,,,1311.0,523.0
,UCBERKELEY_TAUPVC_6MM,,,CTX_RH_ROSTRALANTERIORCINGULATE_SUVR,,<class 'numpy.float64'>,None,"2.942, 0.549",2224.0,91.0,pop not found,keep,,,,,1311.0,523.0
,UCBERKELEY_TAUPVC_6MM,,,CTX_RH_ROSTRALANTERIORCINGULATE_VOLUME,,<class 'numpy.float64'>,None,"3508.0, 559.0",2224.0,91.0,pop not found,keep,,,,,1311.0,523.0
,UCBERKELEY_TAUPVC_6MM,,,CTX_RH_ROSTRALMIDDLEFRONTAL_SUVR,,<class 'numpy.float64'>,None,"4.42, 0.693",2224.0,91.0,pop not found,keep,,,,,1311.0,523.0
,UCBERKELEY_TAUPVC_6MM,,,CTX_RH_ROSTRALMIDDLEFRONTAL_VOLUME,,<class 'numpy.float64'>,None,"26835.0, 7884.0",2224.0,91.0,pop not found,keep,,,,,1311.0,523.0
,UCBERKELEY_TAUPVC_6MM,,,CTX_RH_SUPERIORFRONTAL_SUVR,,<class 'numpy.float64'>,None,"2.784, 0.555",2224.0,91.0,pop not found,keep,,,,,1311.0,523.0
,UCBERKELEY_TAUPVC_6MM,,,CTX_RH_SUPERIORFRONTAL_VOLUME,,<class 'numpy.float64'>,None,"29394.0, 10729.0",2224.0,91.0,pop not found,keep,,,,,1311.0,523.0
,UCBERKELEY_TAUPVC_6MM,,,CTX_RH_SUPERIORPARIETAL_SUVR,,<class 'numpy.float64'>,None,"4.144, 0.679",2224.0,91.0,pop not found,keep,,,,,1311.0,523.0
,UCBERKELEY_TAUPVC_6MM,,,CTX_RH_SUPERIORPARIETAL_VOLUME,,<class 'numpy.float64'>,None,"18993.0, 6110.0",2223.0,92.0,pop not found,keep,,,,,1311.0,522.0
,UCBERKELEY_TAUPVC_6MM,,,CTX_RH_SUPERIORTEMPORAL_SUVR,,<class 'numpy.float64'>,None,"3.153, 0.718",2224.0,91.0,pop not found,keep,,,,,1311.0,523.0
,UCBERKELEY_TAUPVC_6MM,,,CTX_RH_SUPERIORTEMPORAL_VOLUME,,<class 'numpy.float64'>,None,"15383.0, 5963.0",2224.0,91.0,pop not found,keep,,,,,1311.0,523.0
,UCBERKELEY_TAUPVC_6MM,,,CTX_RH_SUPRAMARGINAL_SUVR,,<class 'numpy.float64'>,None,"3.95, 0.726",2224.0,91.0,pop not found,keep,,,,,1311.0,523.0
,UCBERKELEY_TAUPVC_6MM,,,CTX_RH_SUPRAMARGINAL_VOLUME,,<class 'numpy.float64'>,None,"14663.0, 4622.0",2224.0,91.0,pop not found,keep,,,,,1311.0,523.0
,UCBERKELEY_TAUPVC_6MM,,,CTX_RH_TEMPORALPOLE_SUVR,,<class 'numpy.float64'>,None,"3.802, 0.727",2224.0,91.0,pop not found,keep,,,,,1311.0,523.0
,UCBERKELEY_TAUPVC_6MM,,,CTX_RH_TEMPORALPOLE_VOLUME,,<class 'numpy.float64'>,None,"4666.0, 287.0",2224.0,91.0,pop not found,keep,,,,,1311.0,523.0
,UCBERKELEY_TAUPVC_6MM,,,CTX_RH_TRANSVERSETEMPORAL_SUVR,,<class 'numpy.float64'>,None,"2.637, 0.589",2224.0,91.0,pop not found,keep,,,,,1311.0,523.0
,UCBERKELEY_TAUPVC_6MM,,,CTX_RH_TRANSVERSETEMPORAL_VOLUME,,<class 'numpy.float64'>,None,"1566.0, 461.0",2224.0,91.0,pop not found,keep,,,,,1311.0,523.0
,UCBERKELEY_TAUPVC_6MM,,,LEFT_ACCUMBENS_AREA_SUVR,,<class 'numpy.float64'>,None,"2.533, 0.391",2224.0,91.0,pop not found,keep,,,,,1311.0,523.0
,UCBERKELEY_TAUPVC_6MM,,,LEFT_ACCUMBENS_AREA_VOLUME,,<class 'numpy.float64'>,None,"821.0, 116.0",2224.0,91.0,pop not found,keep,,,,,1311.0,523.0
,UCBERKELEY_TAUPVC_6MM,,,LEFT_AMYGDALA_SUVR,,<class 'numpy.float64'>,None,"3.177, 0.452",2224.0,91.0,pop not found,keep,,,,,1311.0,523.0
,UCBERKELEY_TAUPVC_6MM,,,LEFT_AMYGDALA_VOLUME,,<class 'numpy.float64'>,None,"2468.0, 375.0",2224.0,91.0,pop not found,keep,,,,,1311.0,523.0
,UCBERKELEY_TAUPVC_6MM,,,LEFT_CAUDATE_SUVR,,<class 'numpy.float64'>,None,"1.709, 0.435",2224.0,91.0,pop not found,keep,,,,,1311.0,523.0
,UCBERKELEY_TAUPVC_6MM,,,LEFT_CAUDATE_VOLUME,,<class 'numpy.float64'>,None,"5745.0, 1871.0",2224.0,91.0,pop not found,keep,,,,,1311.0,523.0
,UCBERKELEY_TAUPVC_6MM,,,LEFT_CEREBELLUM_CORTEX_SUVR,,<class 'numpy.float64'>,None,"1.232, 0.939",2224.0,91.0,pop not found,keep,,,,,1311.0,523.0
,UCBERKELEY_TAUPVC_6MM,,,LEFT_CEREBELLUM_CORTEX_VOLUME,,<class 'numpy.float64'>,None,"69630.0, 34655.0",2224.0,91.0,pop not found,keep,,,,,1311.0,523.0
,UCBERKELEY_TAUPVC_6MM,,,LEFT_CEREBELLUM_WHITE_MATTER_SUVR,,<class 'numpy.float64'>,None,"1.502, 0.597",2224.0,91.0,pop not found,keep,,,,,1311.0,523.0
,UCBERKELEY_TAUPVC_6MM,,,LEFT_CEREBELLUM_WHITE_MATTER_VOLUME,,<class 'numpy.float64'>,None,"26253.0, 6892.0",2224.0,91.0,pop not found,keep,,,,,1311.0,523.0
,UCBERKELEY_TAUPVC_6MM,,,LEFT_CEREBRAL_WHITE_MATTER_SUVR,,<class 'numpy.float64'>,None,"2.69, 0.519",2224.0,91.0,pop not found,keep,,,,,1311.0,523.0
,UCBERKELEY_TAUPVC_6MM,,,LEFT_CEREBRAL_WHITE_MATTER_VOLUME,,<class 'numpy.float64'>,None,"354965.0, 30465.0",2224.0,91.0,pop not found,keep,,,,,1311.0,523.0
,UCBERKELEY_TAUPVC_6MM,,,LEFT_CHOROID_PLEXUS_SUVR,,<class 'numpy.float64'>,None,"3.683, 0.486",2224.0,91.0,pop not found,keep,,,,,1311.0,523.0
,UCBERKELEY_TAUPVC_6MM,,,LEFT_CHOROID_PLEXUS_VOLUME,,<class 'numpy.float64'>,None,"1916.0, 130.0",2224.0,91.0,pop not found,keep,,,,,1311.0,523.0
,UCBERKELEY_TAUPVC_6MM,,,LEFT_HIPPOCAMPUS_SUVR,,<class 'numpy.float64'>,None,"2.73, 0.516",2224.0,91.0,pop not found,keep,,,,,1311.0,523.0
,UCBERKELEY_TAUPVC_6MM,,,LEFT_HIPPOCAMPUS_VOLUME,,<class 'numpy.float64'>,None,"6080.0, 1314.0",2224.0,91.0,pop not found,keep,,,,,1311.0,523.0
,UCBERKELEY_TAUPVC_6MM,,,LEFT_INF_LAT_VENT_SUVR,,<class 'numpy.float64'>,None,"2.297, 0.509",2224.0,91.0,pop not found,keep,,,,,1311.0,523.0
,UCBERKELEY_TAUPVC_6MM,,,LEFT_INF_LAT_VENT_VOLUME,,<class 'numpy.float64'>,None,"11328.0, 53.0",2224.0,91.0,pop not found,keep,,,,,1311.0,523.0
,UCBERKELEY_TAUPVC_6MM,,,LEFT_LATERAL_VENTRICLE_SUVR,,<class 'numpy.float64'>,None,"1.454, 0.214",2224.0,91.0,pop not found,keep,,,,,1311.0,523.0
,UCBERKELEY_TAUPVC_6MM,,,LEFT_LATERAL_VENTRICLE_VOLUME,,<class 'numpy.float64'>,None,"79775.0, 3016.0",2224.0,91.0,pop not found,keep,,,,,1311.0,523.0
,UCBERKELEY_TAUPVC_6MM,,,LEFT_PALLIDUM_SUVR,,<class 'numpy.float64'>,None,"2.591, 0.48",2224.0,91.0,pop not found,keep,,,,,1311.0,523.0
,UCBERKELEY_TAUPVC_6MM,,,LEFT_PALLIDUM_VOLUME,,<class 'numpy.float64'>,None,"3436.0, 1090.0",2224.0,91.0,pop not found,keep,,,,,1311.0,523.0
,UCBERKELEY_TAUPVC_6MM,,,LEFT_PUTAMEN_SUVR,,<class 'numpy.float64'>,None,"2.322, 0.516",2224.0,91.0,pop not found,keep,,,,,1311.0,523.0
,UCBERKELEY_TAUPVC_6MM,,,LEFT_PUTAMEN_VOLUME,,<class 'numpy.float64'>,None,"7466.0, 1945.0",2224.0,91.0,pop not found,keep,,,,,1311.0,523.0
,UCBERKELEY_TAUPVC_6MM,,,LEFT_THALAMUS_PROPER_SUVR,,<class 'numpy.float64'>,None,"2.057, 0.496",2224.0,91.0,pop not found,keep,,,,,1311.0,523.0
,UCBERKELEY_TAUPVC_6MM,,,LEFT_THALAMUS_PROPER_VOLUME,,<class 'numpy.float64'>,None,"10060.0, 3953.0",2224.0,91.0,pop not found,keep,,,,,1311.0,523.0
,UCBERKELEY_TAUPVC_6MM,,,LEFT_VENTRALDC_SUVR,,<class 'numpy.float64'>,None,"1.818, 0.511",2224.0,91.0,pop not found,keep,,,,,1311.0,523.0
,UCBERKELEY_TAUPVC_6MM,,,LEFT_VENTRALDC_VOLUME,,<class 'numpy.float64'>,None,"5708.0, 2259.0",2224.0,91.0,pop not found,keep,,,,,1311.0,523.0
,UCBERKELEY_TAUPVC_6MM,,,LEFT_VESSEL_SUVR,,<class 'numpy.float64'>,None,"2.342, 0.53",2166.0,149.0,pop not found,keep,,,,,1284.0,508.0
,UCBERKELEY_TAUPVC_6MM,,,LEFT_VESSEL_VOLUME,,<class 'numpy.float64'>,None,"537.0, 1.0",2166.0,149.0,pop not found,keep,,,,,1284.0,508.0
,UCBERKELEY_TAUPVC_6MM,,,RIGHT_ACCUMBENS_AREA_SUVR,,<class 'numpy.float64'>,None,"2.439, 0.411",2224.0,91.0,pop not found,keep,,,,,1311.0,523.0
,UCBERKELEY_TAUPVC_6MM,,,RIGHT_ACCUMBENS_AREA_VOLUME,,<class 'numpy.float64'>,None,"815.0, 114.0",2224.0,91.0,pop not found,keep,,,,,1311.0,523.0
,UCBERKELEY_TAUPVC_6MM,,,RIGHT_AMYGDALA_SUVR,,<class 'numpy.float64'>,None,"3.397, 0.445",2224.0,91.0,pop not found,keep,,,,,1311.0,523.0
,UCBERKELEY_TAUPVC_6MM,,,RIGHT_AMYGDALA_VOLUME,,<class 'numpy.float64'>,None,"2453.0, 595.0",2224.0,91.0,pop not found,keep,,,,,1311.0,523.0
,UCBERKELEY_TAUPVC_6MM,,,RIGHT_CAUDATE_SUVR,,<class 'numpy.float64'>,None,"1.721, 0.423",2224.0,91.0,pop not found,keep,,,,,1311.0,523.0
,UCBERKELEY_TAUPVC_6MM,,,RIGHT_CAUDATE_VOLUME,,<class 'numpy.float64'>,None,"6880.0, 1717.0",2224.0,91.0,pop not found,keep,,,,,1311.0,523.0
,UCBERKELEY_TAUPVC_6MM,,,RIGHT_CEREBELLUM_CORTEX_SUVR,,<class 'numpy.float64'>,None,"1.361, 0.94",2224.0,91.0,pop not found,keep,,,,,1311.0,523.0
,UCBERKELEY_TAUPVC_6MM,,,RIGHT_CEREBELLUM_CORTEX_VOLUME,,<class 'numpy.float64'>,None,"73171.0, 34177.0",2224.0,91.0,pop not found,keep,,,,,1311.0,523.0
,UCBERKELEY_TAUPVC_6MM,,,RIGHT_CEREBELLUM_WHITE_MATTER_SUVR,,<class 'numpy.float64'>,None,"1.559, 0.58",2224.0,91.0,pop not found,keep,,,,,1311.0,523.0
,UCBERKELEY_TAUPVC_6MM,,,RIGHT_CEREBELLUM_WHITE_MATTER_VOLUME,,<class 'numpy.float64'>,None,"22532.0, 6779.0",2224.0,91.0,pop not found,keep,,,,,1311.0,523.0
,UCBERKELEY_TAUPVC_6MM,,,RIGHT_CEREBRAL_WHITE_MATTER_SUVR,,<class 'numpy.float64'>,None,"2.462, 0.514",2224.0,91.0,pop not found,keep,,,,,1311.0,523.0
,UCBERKELEY_TAUPVC_6MM,,,RIGHT_CEREBRAL_WHITE_MATTER_VOLUME,,<class 'numpy.float64'>,None,"363072.0, 129854.0",2224.0,91.0,pop not found,keep,,,,,1311.0,523.0
,UCBERKELEY_TAUPVC_6MM,,,RIGHT_CHOROID_PLEXUS_SUVR,,<class 'numpy.float64'>,None,"3.537, 0.506",2224.0,91.0,pop not found,keep,,,,,1311.0,523.0
,UCBERKELEY_TAUPVC_6MM,,,RIGHT_CHOROID_PLEXUS_VOLUME,,<class 'numpy.float64'>,None,"1912.0, 126.0",2224.0,91.0,pop not found,keep,,,,,1311.0,523.0
,UCBERKELEY_TAUPVC_6MM,,,RIGHT_HIPPOCAMPUS_SUVR,,<class 'numpy.float64'>,None,"2.787, 0.509",2224.0,91.0,pop not found,keep,,,,,1311.0,523.0
,UCBERKELEY_TAUPVC_6MM,,,RIGHT_HIPPOCAMPUS_VOLUME,,<class 'numpy.float64'>,None,"5775.0, 852.0",2224.0,91.0,pop not found,keep,,,,,1311.0,523.0
,UCBERKELEY_TAUPVC_6MM,,,RIGHT_INF_LAT_VENT_SUVR,,<class 'numpy.float64'>,None,"2.447, 0.448",2224.0,91.0,pop not found,keep,,,,,1311.0,523.0
,UCBERKELEY_TAUPVC_6MM,,,RIGHT_INF_LAT_VENT_VOLUME,,<class 'numpy.float64'>,None,"7228.0, 58.0",2224.0,91.0,pop not found,keep,,,,,1311.0,523.0
,UCBERKELEY_TAUPVC_6MM,,,RIGHT_LATERAL_VENTRICLE_SUVR,,<class 'numpy.float64'>,None,"1.502, 0.221",2224.0,91.0,pop not found,keep,,,,,1311.0,523.0
,UCBERKELEY_TAUPVC_6MM,,,RIGHT_LATERAL_VENTRICLE_VOLUME,,<class 'numpy.float64'>,None,"71992.0, 2442.0",2224.0,91.0,pop not found,keep,,,,,1311.0,523.0
,UCBERKELEY_TAUPVC_6MM,,,RIGHT_PALLIDUM_SUVR,,<class 'numpy.float64'>,None,"2.574, 0.471",2224.0,91.0,pop not found,keep,,,,,1311.0,523.0
,UCBERKELEY_TAUPVC_6MM,,,RIGHT_PALLIDUM_VOLUME,,<class 'numpy.float64'>,None,"3207.0, 688.0",2224.0,91.0,pop not found,keep,,,,,1311.0,523.0
,UCBERKELEY_TAUPVC_6MM,,,RIGHT_PUTAMEN_SUVR,,<class 'numpy.float64'>,None,"2.56, 0.487",2224.0,91.0,pop not found,keep,,,,,1311.0,523.0
,UCBERKELEY_TAUPVC_6MM,,,RIGHT_PUTAMEN_VOLUME,,<class 'numpy.float64'>,None,"8026.0, 2106.0",2224.0,91.0,pop not found,keep,,,,,1311.0,523.0
,UCBERKELEY_TAUPVC_6MM,,,RIGHT_THALAMUS_PROPER_SUVR,,<class 'numpy.float64'>,None,"2.123, 0.468",2224.0,91.0,pop not found,keep,,,,,1311.0,523.0
,UCBERKELEY_TAUPVC_6MM,,,RIGHT_THALAMUS_PROPER_VOLUME,,<class 'numpy.float64'>,None,"10406.0, 3522.0",2224.0,91.0,pop not found,keep,,,,,1311.0,523.0
,UCBERKELEY_TAUPVC_6MM,,,RIGHT_VENTRALDC_SUVR,,<class 'numpy.float64'>,None,"1.847, 0.51",2224.0,91.0,pop not found,keep,,,,,1311.0,523.0
,UCBERKELEY_TAUPVC_6MM,,,RIGHT_VENTRALDC_VOLUME,,<class 'numpy.float64'>,None,"5674.0, 1892.0",2224.0,91.0,pop not found,keep,,,,,1311.0,523.0
,UCBERKELEY_TAUPVC_6MM,,,RIGHT_VESSEL_SUVR,,<class 'numpy.float64'>,None,"2.188, 0.502",2140.0,175.0,pop not found,keep,,,,,1273.0,505.0
,UCBERKELEY_TAUPVC_6MM,,,RIGHT_VESSEL_VOLUME,,<class 'numpy.float64'>,None,"278.0, 1.0",2140.0,175.0,pop not found,keep,,,,,1273.0,505.0
,UCBERKELEY_TAUPVC_6MM,,,Npositive,,<class 'numpy.float64'>,"0.0, nan","0.0, 0.0",2224.0,91.0,pop not found,keep,,,,,1311.0,523.0
